"Day 1","","","Quarter Lengths by Day","","","","","","","","","","","","","","","","","","","","","",""
"Sat, July 18","","SUBMIT SCORES!","6-6-6-6","","","","Team Travels","","","","","","","","","","","","","","","","","",""
"","","","Seeds","","","","","","","","","","","","","","","","","","","","","",""
"","","C","D","","F (RR)","","H","","","","","","","","","","","","","","","","","",""
"","","C1(3)-COMMERCE","D1(4)-680 RED A","","F1(6)-BACK BAY NAVY","","H1(8)-DEL MAR","","","","","","","","","","","","","","","","","",""
"","","C2(30)-BROOKLYN HUSTLE","D2(29)-TEMPLE CITY","","F2(27)-DAVIS","","H2(25)-SOUTH COAST RED","","","","","","","","","","","","","","","","","",""
"","","C3(35)-SEASIDE","D3(36)-NEWPORT BEACH WHITE","","F3(38)-SAN JOSE EXPRESS","","H3(40)-SANTA BARBARA WPC B","","","","","","","","","","","","","","","","","",""
"","","","","","F4(50)-WHITTIER","","","","","","","","","","","","","","","","","","","",""
"","","3","4","5","6","7","8","","","","","","","","","","","","","","","","","",""
"","","30","29","28","27","26","25","","","","","","","","","","","","","","","","","",""
"","","35","36","37","38","39","40","","","2A","","","","","","","","","","","","","","",""
"","","","","","50-","","","","","2B","","","","","","","","","","","","","","",""
"","","","","","","","","","","2C","","","","","","","","","","","","","","",""
"","","K (RR)","L (RR)","","N","","P","","","2D","","","","","","","","","","","","","","",""
"","","K1(11)-TSUNAMI","L1(12)-SANTA BARBARA WPC","","N1(14)-ARROYO GRANDE","","P1(16)-LAMORINDA B","","","2E","","","","","","","","","","","","","","",""
"","","K2(22)-LOS ALAMITOS","L2(21)-FOOTHILL","","N2(19)-LB SHORE","","P2(17)-DIABLO ALLIANCE A","","","2F","","","","","","","","","","","","","","",""
"","","K3(43)-680 BLUE","L3(44)-SAN CLEMENTE BLACK","","N3(46)-LYONS AQUATICS","","P3(48)-CAL REPUBLIC","","","2G","","","","","","","","","","","","","","",""
"","","K4(49)-NORTH IDAHO","L4(52)-CMAC","","","","","","","2H","","","","","","","","","","","","","","",""
"","","11","12","13","14","15","16","","","","","","","","","","","","","","","","","",""
"","","22","21","20","19","18","17","","","","","","","","","","","","","","","","","",""
"","","43","44","45","46","47","48","","","","","","","","","","","","","","","","","",""
"","","49","52","","","","","","","","","","","","","","","","","","","","","",""
"","","","WOOLLETT FAR RIGHT","","","","","","","","","","","","","","","","","","","","","",""
"","","Type","Location","","White","","Dark","","","L to #","GMID","","","","","","","","","","","","","",""
"18-Jul","7:00 AM","Group","WOOLLETT FAR RIGHT","5","L1(12)-SANTA BARBARA WPC","17","L4(52)-CMAC","1","","","12G-005","","","","","","","","","","","","","",""
"18-Jul","7:50 AM","Group","WOOLLETT FAR RIGHT","","L2(21)-FOOTHILL","15","L3(44)-SAN CLEMENTE BLACK","4","","","12G-5A","","","","","","","","","","","","","",""
"18-Jul","8:40 AM","Group","WOOLLETT FAR RIGHT","10","E1(5)-SAN CLEMENTE RED","19","E4(51)-CHICAGO PARK","1","","","12G-010","","","","","","","","","","","","","",""
"18-Jul","9:30 AM","Group","WOOLLETT FAR RIGHT","15","E2(28)-NORTH IRVINE","13","E3(37)-BACK BAY BLACK","7","","","12G-015","","","","","","","","","","","","","",""
"18-Jul","10:20 AM","Group","WOOLLETT FAR RIGHT","24","L1(12)-SANTA BARBARA WPC","17","L3(44)-SAN CLEMENTE BLACK","2","","","12G-024","","","","","","","","","","","","","",""
"18-Jul","11:10 AM","Group","WOOLLETT FAR RIGHT","43","L2(21)-FOOTHILL","17","L4(52)-CMAC","2","","","12G-043","","","","","","","","","","","","","",""
"18-Jul","12:00 PM","Group","WOOLLETT FAR RIGHT","29","E1(5)-SAN CLEMENTE RED","20","E3(37)-BACK BAY BLACK","1","","","12G-029","","","","","","","","","","","","","",""
"18-Jul","12:50 PM","Group","WOOLLETT FAR RIGHT","34","E2(28)-NORTH IRVINE","17","E4(51)-CHICAGO PARK","2","","","12G-034","","","","","","","","","","","","","",""
"18-Jul","1:40 PM","Group","WOOLLETT FAR RIGHT","","L1(12)-SANTA BARBARA WPC","11","L2(21)-FOOTHILL","8","","","12G-53A","","","","","","","","","","","","","",""
"18-Jul","2:30 PM","Group","WOOLLETT FAR RIGHT","","L3(44)-SAN CLEMENTE BLACK","8","L4(52)-CMAC","7","","","12G-53B","","","","","","","","","","","","","",""
"18-Jul","3:20 PM","Group","WOOLLETT FAR RIGHT","48","E1(5)-SAN CLEMENTE RED","14","E2(28)-NORTH IRVINE","3","","","12G-048","","","","","","","","","","","","","",""
"18-Jul","4:10 PM","Group","WOOLLETT FAR RIGHT","53","E3(37)-BACK BAY BLACK","11","E4(51)-CHICAGO PARK","9","","","12G-053","","","","","","","","","","","","","",""
"18-Jul","6:40 PM","2's cross 21v28","WOOLLETT FAR RIGHT","61","2nd L-FOOTHILL","8.2","2nd E-NORTH IRVINE","8.1","","au_P1","12G-061","","","","","","","","","","","","","",""
"","","","MISSION VIEJO HS","","","","","","","","","","","","","","","","","","","","","",""
"","","Type","Location","","White","","Dark","","","L to #","GMID","","","","","","","","","","","","","",""
"18-Jul","7:00 AM","Group","MISSION VIEJO HS","1","I1(9)-OCWPC","21","I3(41)-NORCAL BLACK","3","","","12G-001","","","","","","","","","","","","","",""
"18-Jul","7:50 AM","Group","MISSION VIEJO HS","6","H1(8)-DEL MAR","22","H3(40)-SANTA BARBARA WPC B","2","","","12G-006","","","","","","","","","","","","","",""
"18-Jul","8:40 AM","Group","MISSION VIEJO HS","11","G1(7)-STANFORD A","21","G3(39)-SOUTHSIDE","4","","","12G-011","","","","","","","","","","","","","",""
"18-Jul","9:30 AM","Group","MISSION VIEJO HS","19","J1(10)-LA JOLLA UNITED","14","J3(42)-LAGUNA BEACH","4","","","12G-019","","","","","","","","","","","","","",""
"18-Jul","10:20 AM","Group","MISSION VIEJO HS","20","I2(24)-908","22","I3(41)-NORCAL BLACK","2","","","12G-020","","","","","","","","","","","","","",""
"18-Jul","11:10 AM","Group","MISSION VIEJO HS","25","H2(25)-SOUTH COAST RED","17","H3(40)-SANTA BARBARA WPC B","2","","","12G-025","","","","","","","","","","","","","",""
"18-Jul","12:00 PM","Group","MISSION VIEJO HS","30","G2(26)-PUNAHOU","4","G3(39)-SOUTHSIDE","12","","","12G-030","","","","","","","","","","","","","",""
"18-Jul","12:50 PM","Group","MISSION VIEJO HS","38","J2(23)-LAMORINDA C","19","J3(42)-LAGUNA BEACH","11","","","12G-038","","","","","","","","","","","","","",""
"18-Jul","1:40 PM","Group","MISSION VIEJO HS","39","I1(9)-OCWPC","11","I2(24)-908","6","","","12G-039","","","","","","","","","","","","","",""
"18-Jul","2:30 PM","Group","MISSION VIEJO HS","44","H1(8)-DEL MAR","13","H2(25)-SOUTH COAST RED","0","","","12G-044","","","","","","","","","","","","","",""
"18-Jul","3:20 PM","Group","MISSION VIEJO HS","49","G1(7)-STANFORD A","18","G2(26)-PUNAHOU","0","","","12G-049","","","","","","","","","","","","","",""
"18-Jul","4:10 PM","Group","MISSION VIEJO HS","57","J1(10)-LA JOLLA UNITED","17","J2(23)-LAMORINDA C","7","","","12G-057","","","","","","","","","","","","","",""
"18-Jul","6:40 PM","2's cross 24v25","MISSION VIEJO HS","58","2nd I-908","11","2nd H-SOUTH COAST RED","4","","au_M1","12G-058","","","","","","","","","","","","","",""
"18-Jul","7:30 PM","2's cross 23v26","MISSION VIEJO HS","65","2nd J-LAMORINDA C","18","2nd G-SOUTHSIDE","6","","au_N1","12G-065","","","","","","","","","","","","","",""
"","","","ALISO NIGUEL HS","","","","","","","","12G","","","","","","","","","","","","","",""
"","","Type","Location","","White","","Dark","","","L to #","GMID","","","","","","","","","","","","","",""
"18-Jul","7:00 AM","Group","ALISO NIGUEL HS","2","P1(16)-LAMORINDA B","21","P3(48)-CAL REPUBLIC","2","","","12G-002","","","","","","","","","","","","","",""
"18-Jul","7:50 AM","Group","ALISO NIGUEL HS","7","A1(1)-NEWPORT BEACH BLUE","19","A3(33)-CHAWP","0","","","12G-007","","","","","","","","","","","","","",""
"18-Jul","8:40 AM","Group","ALISO NIGUEL HS","12","O1(15)-SHAQ","15","O3(47)-CENTRAL COAST","2","","","12G-012","","","","","","","","","","","","","",""
"18-Jul","9:30 AM","Group","ALISO NIGUEL HS","16","B1(2)-LAMORINDA A","26","B3(34)-STANFORD B","2","","","12G-016","","","","","","","","","","","","","",""
"18-Jul","10:20 AM","Group","ALISO NIGUEL HS","21","P2(17)-DIABLO ALLIANCE A","22","P3(48)-CAL REPUBLIC","2","","","12G-021","","","","","","","","","","","","","",""
"18-Jul","11:10 AM","Group","ALISO NIGUEL HS","26","A2(32)-AMERICAN RIVER","2","A3(33)-CHAWP","15","","","12G-026","","","","","","","","","","","","","",""
"18-Jul","12:00 PM","Group","ALISO NIGUEL HS","31","O2(18)-GREENWICH","26","O3(47)-CENTRAL COAST","3","","","12G-031","","","","","","","","","","","","","",""
"18-Jul","12:50 PM","Group","ALISO NIGUEL HS","35","B2(31)-SD SHORES","13","B3(34)-STANFORD B","0","","","12G-035","","","","","","","","","","","","","",""
"18-Jul","1:40 PM","Group","ALISO NIGUEL HS","40","P1(16)-LAMORINDA B","6","P2(17)-DIABLO ALLIANCE A","5","","","12G-040","","","","","","","","","","","","","",""
"18-Jul","2:30 PM","Group","ALISO NIGUEL HS","45","A1(1)-NEWPORT BEACH BLUE","18","A2(32)-AMERICAN RIVER","0","","","12G-045","","","","","","","","","","","","","",""
"18-Jul","3:20 PM","Group","ALISO NIGUEL HS","50","O1(15)-SHAQ","9","O2(18)-GREENWICH","12","","","12G-050","","","","","","","","","","","","","",""
"18-Jul","4:10 PM","Group","ALISO NIGUEL HS","54","B1(2)-LAMORINDA A","10","B2(31)-SD SHORES","1","","","12G-054","","","","","","","","","","","","","",""
"18-Jul","6:40 PM","2's cross 17v32","ALISO NIGUEL HS","59","2nd P-DIABLO ALLIANCE A","3","2nd A-CHAWP","8","","au_U1","12G-059","","","","","","","","","","","","","",""
"18-Jul","7:30 PM","2's cross 18v31","ALISO NIGUEL HS","62","2nd O-SHAQ","3","2nd B-SD SHORES","8","","au_T1","12G-062","","","","","","","","","","","","","",""
"","","","LAGUNA HILLS HS","","","","","","","","","","","","","","","","","","","","","",""
"","","Type","Location","","White","","Dark","","","L to #","GMID","","","","","","","","","","","","","",""
"18-Jul","7:00 AM","Group","LAGUNA HILLS HS","3","N1(14)-ARROYO GRANDE","8","N3(46)-LYONS AQUATICS","3","","","12G-003","","","","","","","","","","","","","",""
"18-Jul","7:50 AM","Group","LAGUNA HILLS HS","8","C1(3)-COMMERCE","18","C3(35)-SEASIDE","1","","","12G-008","","","","","","","","","","","","","",""
"18-Jul","8:40 AM","Group","LAGUNA HILLS HS","13","M1(13)-LA PREMIER","15","M3(45)-CIU","3","","","12G-013","","","","","","","","","","","","","",""
"18-Jul","9:30 AM","Group","LAGUNA HILLS HS","17","D1(4)-680 RED A","17","D3(36)-NEWPORT BEACH WHITE","3","","","12G-017","","","","","","","","","","","","","",""
"18-Jul","10:20 AM","Group","LAGUNA HILLS HS","22","N2(19)-LB SHORE","16","N3(46)-LYONS AQUATICS","4","","","12G-022","","","","","","","","","","","","","",""
"18-Jul","11:10 AM","Group","LAGUNA HILLS HS","27","C2(30)-BROOKLYN HUSTLE","12","C3(35)-SEASIDE","4","","","12G-027","","","","","","","","","","","","","",""
"18-Jul","12:00 PM","Group","LAGUNA HILLS HS","32","M2(20)-ROSE BOWL RED","11","M3(45)-CIU","5","","","12G-032","","","","","","","","","","","","","",""
"18-Jul","12:50 PM","Group","LAGUNA HILLS HS","36","D2(29)-TEMPLE CITY","12","D3(36)-NEWPORT BEACH WHITE","6","","","12G-036","","","","","","","","","","","","","",""
"18-Jul","1:40 PM","Group","LAGUNA HILLS HS","41","N1(14)-ARROYO GRANDE","3","N2(19)-LB SHORE","17","","","12G-041","","","","","","","","","","","","","",""
"18-Jul","2:30 PM","Group","LAGUNA HILLS HS","46","C1(3)-COMMERCE","18","C2(30)-BROOKLYN HUSTLE","1","","","12G-046","","","","","","","","","","","","","",""
"18-Jul","3:20 PM","Group","LAGUNA HILLS HS","51","M1(13)-LA PREMIER","8","M2(20)-ROSE BOWL RED","0","","","12G-051","","","","","","","","","","","","","",""
"18-Jul","4:10 PM","Group","LAGUNA HILLS HS","55","D1(4)-680 RED A","13","D2(29)-TEMPLE CITY","3","","","12G-055","","","","","","","","","","","","","",""
"18-Jul","6:40 PM","2's cross 19v30","LAGUNA HILLS HS","60","2nd N-ARROYO GRANDE","11","2nd C-BROOKLYN HUSTLE","10","","au_S1","12G-060","","","","","","","","","","","","","",""
"18-Jul","7:30 PM","2's cross 20v29","LAGUNA HILLS HS","63","2nd M-ROSE BOWL RED","11","2nd D-TEMPLE CITY","5","","au_R1","12G-063","","","","","","","","","","","","","",""
"","","","SAN CLEMENTE HS","","","","","","","","","","","","","","","","","","","","","",""
"","","Type","Location","","White","","Dark","","","L to #","GMID","","","","","","","","","","","","","",""
"18-Jul","7:00 AM","Group","SAN CLEMENTE HS","4","K2(22)-LOS ALAMITOS","18","K3(43)-680 BLUE","1","","","12G-004","","","","","","","","","","","","","",""
"18-Jul","7:50 AM","Group","SAN CLEMENTE HS","9","K1(11)-TSUNAMI","15","K4(49)-NORTH IDAHO","4","","","12G-009","","","","","","","","","","","","","",""
"18-Jul","8:40 AM","Group","SAN CLEMENTE HS","14","F2(27)-DAVIS","8","F3(38)-SAN JOSE EXPRESS","3","","","12G-014","","","","","","","","","","","","","",""
"18-Jul","9:30 AM","Group","SAN CLEMENTE HS","18","F1(6)-BACK BAY NAVY","18","F4(50)-WHITTIER","0","","","12G-018","","","","","","","","","","","","","",""
"18-Jul","10:20 AM","Group","SAN CLEMENTE HS","23","K1(11)-TSUNAMI","22","K3(43)-680 BLUE","2","","","12G-023","","","","","","","","","","","","","",""
"18-Jul","11:10 AM","Group","SAN CLEMENTE HS","28","K2(22)-LOS ALAMITOS","18","K4(49)-NORTH IDAHO","1","","","12G-028","","","","","","","","","","","","","",""
"18-Jul","12:00 PM","Group","SAN CLEMENTE HS","33","F1(6)-BACK BAY NAVY","20","F3(38)-SAN JOSE EXPRESS","1","","","12G-033","","","","","","","","","","","","","",""
"18-Jul","12:50 PM","Group","SAN CLEMENTE HS","37","F2(27)-DAVIS","22","F4(50)-WHITTIER","4","","","12G-037","","","","","","","","","","","","","",""
"18-Jul","1:40 PM","Group","SAN CLEMENTE HS","42","K1(11)-TSUNAMI","7.1","K2(22)-LOS ALAMITOS","7.3","","","12G-042","","","","","","","","","","","","","",""
"18-Jul","2:30 PM","Group","SAN CLEMENTE HS","47","K3(43)-680 BLUE","2","K4(49)-NORTH IDAHO","7","","","12G-047","","","","","","","","","","","","","",""
"18-Jul","3:20 PM","Group","SAN CLEMENTE HS","52","F1(6)-BACK BAY NAVY","17","F2(27)-DAVIS","2","","","12G-052","","","","","","","","","","","","","",""
"18-Jul","4:10 PM","Group","SAN CLEMENTE HS","56","F3(38)-SAN JOSE EXPRESS","11","F4(50)-WHITTIER","5","","","12G-056","","","","","","","","","","","","","",""
"18-Jul","6:40 PM","2's cross 22v27","SAN CLEMENTE HS","64","2nd K-TSUNAMI","8","2nd F-DAVIS","3","","au_O1","12G-064","","","","","","","","","","","","","",""
"","","pt_O","pt_P","","DAY 1 CROSSES","","","","","","","","","","","","","","","","","","","",""
"","","1stC-COMMERCE","1stD-680 RED A","","","","","","","","","","","","","","","","","","","","","",""
"","","1stN-LB SHORE","1stM-LA PREMIER","","","","","","","","","","","","","","","","","","","","","",""
"","","W62-SD SHORES","W59-CHAWP","","","","","","","","","","","","","","","","","","","","","",""
"","","pt_T","pt_U","","","","","","","","","","","","","","","","","","","","","",""
"","","1stG-STANFORD A","1stH-DEL MAR","","","","","","","","","","","","","","","","","","","","","",""
"","","1stJ-LA JOLLA UNITED","1stI-OCWPC","","","","","","","","","","","","","","","","","","","","","",""
"","","W64-TSUNAMI","W61-FOOTHILL","","","","","","","","","","","","","","","","","","","","","",""
"","","au_O","au_P","","pt_N","","pt_P","","","","","","","","","","","","","","","","","",""
"","","L64-DAVIS","L61-NORTH IRVINE","1","2","3","4","","","","","","","","","","","","","","","","","",""
"","","3rdG-PUNAHOU","3rdH-SANTA BARBARA WPC B","16","15","14","13","","","","","","","","","","","","","","","","","",""
"","","3rdJ-LAGUNA BEACH","3rdI-NORCAL BLACK","","","","","","","","","","","","","","","","","","","","","",""
"","","","","","pt_S","","pt_U","","","","","","","","","","","","","","","","","",""
"","","au_T","au_U","5","6","7","8","","","","","","","","","","","","","","","","","",""
"","","L62-SHAQ","L59-DIABLO ALLIANCE A","12","11","10","9","","","","","","","","","","","","","","","","","",""
"","","3rdC-SEASIDE","3rdD-NEWPORT BEACH WHITE","","","","","","","","","","","","","","","","","","","","","",""
"","","3rdN-LYONS AQUATICS","3rdM-CIU","","DAY 2 PLATINUM Crosses","","","","","","","","","","","","","","","","","","","",""
"","","4th F-WHITTIER","4th E-CHICAGO PARK","","16v11","","","","","1st pt_S","","","","","","","","","","","","","","",""
"","","","","","15v12","","","","","1st pt_R","","","","","","","","","","","","","","",""
"","","","","","14v9","","","","","1st pt_U","","","","","","","","","","","","","","",""
"","","","","","13v10","","","","","1st pt_T","","","","","","","","","","","","","","",""
"","","","","","DAY 2 GOLD Crosses","","","","","","","","","","","","","","","","","","","",""
"","","","","","37v34","","","","","1st au_S","","","","","","","","","","","","","","",""
"","","","","","38v33","","","","","1st au_R","","","","","","","","","","","","","","",""
"","","","","","39v36","","","","","1st au_U","","","","","","","","","","","","","","",""
"","","","","","40v35","","","","","1st au_T","","","","","","","","","","","","","","",""
"","","","","","","","","","","","","pt_","","","","","","","","","","","","",""
"Sun, July 19","","","SAN CLEMENTE HS","","","","","","","","","au_","","","","","","","","","","","","",""
"","","Type","Location","","White","","Dark","","","L to #","GMID","","","","","","","","","","","","","",""
"19-Jul","8:40 AM","Group","SAN CLEMENTE HS","","pt_M2-LAMORINDA B","7","pt_M3-ROSE BOWL RED","11","","","12G-65A","","pt_Group","","","","","","","","","","","",""
"19-Jul","9:30 AM","Group","SAN CLEMENTE HS","67","pt_N2-GREENWICH","15","pt_N3-ARROYO GRANDE","4","","","12G-067","","pt_Group","","","","","","","","","","","",""
"19-Jul","10:20 AM","Group","SAN CLEMENTE HS","71","pt_S1-BACK BAY NAVY","17","pt_S2-LOS ALAMITOS","4","","","12G-071","","pt_Group","","","","","","","","","","","",""
"19-Jul","11:10 AM","Group","SAN CLEMENTE HS","75","pt_R1-SAN CLEMENTE RED","12","pt_R2-SANTA BARBARA WPC","3","","","12G-075","","pt_Group","","","","","","","","","","","",""
"19-Jul","12:00 PM","Group","SAN CLEMENTE HS","79","pt_M1-NEWPORT BEACH BLUE","20","pt_M3-ROSE BOWL RED","0","","","12G-079","","pt_Group","","","","","","","","","","","",""
"19-Jul","12:50 PM","Group","SAN CLEMENTE HS","83","pt_N1-LAMORINDA A","22","pt_N3-ARROYO GRANDE","3","","","12G-083","","pt_Group","","","","","","","","","","","",""
"19-Jul","1:40 PM","Group","SAN CLEMENTE HS","87","pt_S1-BACK BAY NAVY","17","pt_S3-LAMORINDA C","1","","","12G-087","","pt_Group","","","","","","","","","","","",""
"19-Jul","2:30 PM","Group","SAN CLEMENTE HS","91","pt_R1-SAN CLEMENTE RED","17","pt_R3-908","3","","","12G-091","","pt_Group","","","","","","","","","","","",""
"19-Jul","3:20 PM","Group","SAN CLEMENTE HS","95","pt_M1-NEWPORT BEACH BLUE","19","pt_M2-LAMORINDA B","1","","","12G-095","","pt_Group","","","","","","","","","","","",""
"19-Jul","4:10 PM","Group","SAN CLEMENTE HS","99","pt_N1-LAMORINDA A","15","pt_N2-GREENWICH","1","","","12G-099","","pt_Group","","","","","","","","","","","",""
"19-Jul","5:00 PM","Group","SAN CLEMENTE HS","103","pt_S2-LOS ALAMITOS","10","pt_S3-LAMORINDA C","5","","","12G-103","","pt_Group","","","","","","","","","","","",""
"19-Jul","5:50 PM","Group","SAN CLEMENTE HS","107","pt_R2-SANTA BARBARA WPC","6","pt_R3-908","7","","","12G-107","","pt_Group","","","","","","","","","","","",""
"","","","MISSION VIEJO HS","","","","","","","","","","","","","","","","","","","","","",""
"","","Type","Location","","White","","Dark","","","L to #","GMID","","","","","","","","","","","","","",""
"19-Jul","8:40 AM","Group","MISSION VIEJO HS","","pt_O2-LB SHORE","7","pt_O3-SD SHORES","8","","","12G-65B","","pt_Group","","","","","","","","","","","",""
"19-Jul","9:30 AM","Group","MISSION VIEJO HS","68","pt_P2-LA PREMIER","10","pt_P3-CHAWP","4","","","12G-068","","pt_Group","","","","","","","","","","","",""
"19-Jul","10:20 AM","Group","MISSION VIEJO HS","72","pt_U1-DEL MAR","19","pt_U2-OCWPC","2","","","12G-072","","pt_Group","","","","","","","","","","","",""
"19-Jul","11:10 AM","Group","MISSION VIEJO HS","76","pt_T1-STANFORD A","9","pt_T2-LA JOLLA UNITED","3","","","12G-076","","pt_Group","","","","","","","","","","","",""
"19-Jul","12:00 PM","Group","MISSION VIEJO HS","80","pt_O1-COMMERCE","14","pt_O3-SD SHORES","6","","","12G-080","","pt_Group","","","","","","","","","","","",""
"19-Jul","12:50 PM","Group","MISSION VIEJO HS","84","pt_P1-680 RED A","15","pt_P3-CHAWP","2","","","12G-084","","pt_Group","","","","","","","","","","","",""
"19-Jul","1:40 PM","Group","MISSION VIEJO HS","88","pt_U1-DEL MAR","17","pt_U3-FOOTHILL","6","","","12G-088","","pt_Group","","","","","","","","","","","",""
"19-Jul","2:30 PM","Group","MISSION VIEJO HS","92","pt_T1-STANFORD A","11","pt_T3-TSUNAMI","1","","","12G-092","","pt_Group","","","","","","","","","","","",""
"19-Jul","3:20 PM","Group","MISSION VIEJO HS","96","pt_O1-COMMERCE","17","pt_O2-LB SHORE","12","","","12G-096","","pt_Group","","","","","","","","","","","",""
"19-Jul","4:10 PM","Group","MISSION VIEJO HS","100","pt_P1-680 RED A","9","pt_P2-LA PREMIER","3","","","12G-100","","pt_Group","","","","","","","","","","","",""
"19-Jul","5:00 PM","Group","MISSION VIEJO HS","104","pt_U2-OCWPC","15","pt_U3-FOOTHILL","10","","","12G-104","","pt_Group","","","","","","","","","","","",""
"19-Jul","5:50 PM","Group","MISSION VIEJO HS","108","pt_T2-LA JOLLA UNITED","6","pt_T3-TSUNAMI","5","","","12G-108","","pt_Group","","","","","","","","","","","",""
"","","","WOOLLETT FAR RIGHT","","","","","","","","","","","","","","","","","","","","","",""
"","","Type","Location","","White","","Dark","","","L to #","GMID","","","","","","","","","","","","","",""
"19-Jul","7:50 AM","R Group of 4","WOOLLETT FAR RIGHT","73","au_R1-TEMPLE CITY","17","au_R4-CMAC","4","93","97A","12G-073","","au_R Group of 4","","","","","","","","","","","",""
"19-Jul","8:40 AM","R Group of 4","WOOLLETT FAR RIGHT","","au_R2-AMERICAN RIVER	","21","au_R3-CAL REPUBLIC","0","93","97A","12G-73A","","au_R Group of 4","","","","","","","","","","","",""
"19-Jul","9:30 AM","Group","WOOLLETT FAR RIGHT","","au_N1-SOUTHSIDE","6","au_N2-SAN JOSE EXPRESS","8","","","12G-65C","","au_Group","","","","","","","","","","","",""
"19-Jul","10:20 AM","Group","WOOLLETT FAR RIGHT","69","au_M2-BACK BAY BLACK","8","au_M3-SAN CLEMENTE BLACK","11","","","12G-069","","au_Group","","","","","","","","","","","",""
"19-Jul","11:10 AM","S Group of 4","WOOLLETT FAR RIGHT","77","au_S2-STANFORD B","10","au_S3-CENTRAL COAST","4","97","111","12G-077","","au_S Group of 4","","","","","","","","","","","",""
"19-Jul","12:00 PM","S Group of 4","WOOLLETT FAR RIGHT","81","au_S1-BROOKLYN HUSTLE","9","au_S4-680 BLUE","3","97","111","12G-081","","au_S Group of 4","","","","","","","","","","","",""
"19-Jul","12:50 PM","Group","WOOLLETT FAR RIGHT","85","au_N1-SOUTHSIDE","3","au_N3-NORTH IDAHO","13","","","12G-085","","au_Group","","","","","","","","","","","",""
"19-Jul","1:40 PM","Group","WOOLLETT FAR RIGHT","89","au_M1-SOUTH COAST RED","18","au_M3-SAN CLEMENTE BLACK","1","","","12G-089","","au_Group","","","","","","","","","","","",""
"19-Jul","2:30 PM","1st/2ndR","WOOLLETT FAR RIGHT","93","W73-TEMPLE CITY","17","W73A-AMERICAN RIVER	","3","121","134","12G-093","","au_1st/2ndR","","","","","","","","","","","",""
"19-Jul","3:20 PM","3rd/4thR","WOOLLETT FAR RIGHT","","L73-CMAC","21","L73A-CAL REPUBLIC","3","201","au_V4","12G-97A","","au_3rd/4thR","","","","","","","","","","","",""
"19-Jul","4:10 PM","1st/2ndS","WOOLLETT FAR RIGHT","97","W77-STANFORD B","14","W81-BROOKLYN HUSTLE","8","116","131","12G-097","","au_1st/2ndS","","","","","","","","","","","",""
"19-Jul","5:00 PM","3rd/4thS","WOOLLETT FAR RIGHT","111","L77-CENTRAL COAST","5","L81-680 BLUE","3","203","au_V3","12G-111","","au_3rd/4thS","","","","","","","","","","","",""
"19-Jul","5:50 PM","Group","WOOLLETT FAR RIGHT","101","au_M1-SOUTH COAST RED","14","au_M2-BACK BAY BLACK","6","","","12G-101","","au_Group","","","","","","","","","","","",""
"19-Jul","6:40 PM","Group","WOOLLETT FAR RIGHT","105","au_N2-SAN JOSE EXPRESS","6","au_N3-NORTH IDAHO","8","","","12G-105","","au_Group","","","","","","","","","","","",""
"","","","LAGUNA HILLS HS","","","","","","","","","","","","","","","","","","","","","",""
"","","Type","Location","","White","","Dark","","","L to #","GMID","","","","","","","","","","","","","",""
"19-Jul","7:00 AM","U Group of 4","LAGUNA HILLS HS","70","au_U1-DIABLO ALLIANCE A","12","au_U4-CHICAGO PARK","1","90","90A","12G-070","","au_U Group of 4","","","","","","","","","","","",""
"19-Jul","7:50 AM","U Group of 4","LAGUNA HILLS HS","106","au_U2-NEWPORT BEACH WHITE","14","au_U3-CIU","3","90","90A","12G-106","","au_U Group of 4","","","","","","","","","","","",""
"19-Jul","8:40 AM","Group","LAGUNA HILLS HS","66","au_O1-DAVIS","16","au_O2-PUNAHOU","6","","","12G-066","","au_Group","","","","","","","","","","","",""
"19-Jul","9:30 AM","Group","LAGUNA HILLS HS","74","au_P1-NORTH IRVINE","18","au_P2-SANTA BARBARA WPC B","1","","","12G-074","","au_Group","","","","","","","","","","","",""
"19-Jul","10:20 AM","T group of 4","LAGUNA HILLS HS","78","au_T2-SEASIDE","2","au_T3-LYONS AQUATICS","14","98","112","12G-078","","au_T group of 4","","","","","","","","","","","",""
"19-Jul","11:10 AM","T group of 4","LAGUNA HILLS HS","82","au_T1-SHAQ","16","au_T4-WHITTIER","2","98","112","12G-082","","au_T group of 4","","","","","","","","","","","",""
"19-Jul","12:00 PM","Group","LAGUNA HILLS HS","86","au_O1-DAVIS","7","au_O3-LAGUNA BEACH","10","","","12G-086","","au_Group","","","","","","","","","","","",""
"19-Jul","12:50 PM","1st/2ndU","LAGUNA HILLS HS","90","W#U1/U4-DIABLO ALLIANCE A","4","W#U2/U3-NEWPORT BEACH WHITE","2","115","125","12G-090","","au_1st/2ndU","","","","","","","","","","","",""
"19-Jul","1:40 PM","3rd/4thU","LAGUNA HILLS HS","","L#U1/U4-CHICAGO PARK","13","L#U2/U3-CIU","11","204","au_W4","12G-90A","","au_3rd/4thU","","","","","","","","","","","",""
"19-Jul","2:30 PM","Group","LAGUNA HILLS HS","94","au_P1-NORTH IRVINE","18","au_P3-NORCAL BLACK","2","","","12G-094","","au_Group","","","","","","","","","","","",""
"19-Jul","3:20 PM","1st/2ndT","LAGUNA HILLS HS","98","W78-LYONS AQUATICS","9","W82-SHAQ","10","120","130","12G-098","","au_1st/2ndT","","","","","","","","","","","",""
"19-Jul","4:10 PM","Group","LAGUNA HILLS HS","102","au_O2-PUNAHOU","2","au_O3-LAGUNA BEACH","16","","","12G-102","","au_Group","","","","","","","","","","","",""
"19-Jul","5:50 PM","Group","LAGUNA HILLS HS","110","au_P2-SANTA BARBARA WPC B","12","au_P3-NORCAL BLACK","1","","","12G-110","","au_Group","","","","","","","","","","","",""
"19-Jul","6:40 PM","3rd/4thT","LAGUNA HILLS HS","112","L78-SEASIDE","8","L82-WHITTIER","6","202","au_W3","12G-112","","au_3rd/4thT","","","","","","","","","","","",""
"","","1st pt_S-BACK BAY NAVY","","","","","","","","","","","","","","","","","","","","","","",""
"","","1st pt_R-SAN CLEMENTE RED","","","","","","","","","","","","","","","","","","","","","","",""
"","","1st pt_U-DEL MAR","","","","","","","","","","","","","","","","","","","","","","",""
"","","1st pt_T-STANFORD A","","","","","","","","","","","","","","","","","","","","","","",""
"","","1st au_S","","","au_W bz-21-28","","au_W bz-21-28","","","21st","","","","","","","","","","","","","","",""
"","","1st au_R","","","L201-CMAC","","au_W1","","","23rd","","","","","","","","","","","","","","",""
"","","1st au_U","","","L202-NORCAL BLACK","","au_W2","","","25th","","","","","","","","","","","","","","",""
"","","1st au_T","","","4th au_T(L112)-WHITTIER","","au_W3","","","27th","","","","","","","","","","","","","","",""
"","","","","","au_W4(4th au_U)-CIU","","au_W4","","","","","","","","","","","","","","","","","",""
"Mon, July 20","","","","","","","","","","","","","","","","","","","","","","","","",""
"","","","ALISO NIGUEL HS","","","","","","","","","","","","","","","","","","","","","",""
"","","Type","Location","","White","","Dark","","","L to #","GMID","","","","","","","","","","","","","",""
"20-Jul","8:00 AM","1v6 QF","ALISO NIGUEL HS","113","1st pt_M-NEWPORT BEACH BLUE","12","1st pt_S-BACK BAY NAVY","9","133","139","12G-113","","pt_1v6 QF","","","","","","","","","","","",""
"20-Jul","8:50 AM","2v5 QF","ALISO NIGUEL HS","118","1st pt_N-LAMORINDA A","8","1st pt_R-SAN CLEMENTE RED","13","136","142","12G-118","","pt_2v5 QF","","","","","","","","","","","",""
"20-Jul","9:40 AM","9-16 QF","ALISO NIGUEL HS","124","2nd pt_M-ROSE BOWL RED","14","2nd pt_S-LOS ALAMITOS	","10","143","151","12G-124","","pt_9-16 QF","","","","","","","","","","","",""
"20-Jul","10:30 AM","9-16 QF","ALISO NIGUEL HS","127","2nd pt_N-GREENWICH","9","2nd pt_R-908","12","146","156","12G-127","","pt_9-16 QF","","","","","","","","","","","",""
"20-Jul","11:20 AM","W to semi, L to play-in 1v4","ALISO NIGUEL HS","133","W113-NEWPORT BEACH BLUE","12","W119-680 RED A	","6","171","159","12G-133","","pt_W to semi, L to play-in 1v4","","","","","","","","","","","",""
"20-Jul","12:10 PM","W to semi, L to play-in 2v3","ALISO NIGUEL HS","136","W114-DEL MAR","12","W118-SAN CLEMENTE RED","6","172","162","12G-136","","pt_W to semi, L to play-in 2v3","","","","","","","","","","","",""
"20-Jul","1:00 PM","W to play-in","ALISO NIGUEL HS","139","L113-BACK BAY NAVY","10","L119-STANFORD A","4","159","191","12G-139","","pt_W to play-in","","","","","","","","","","","",""
"20-Jul","1:50 PM","W to play-in","ALISO NIGUEL HS","142","L114-COMMERCE","16","L118-LAMORINDA A","17","162","191","12G-142","","pt_W to play-in","","","","","","","","","","","",""
"20-Jul","2:40 PM","21st-24th","ALISO NIGUEL HS","145","L137-LAMORINDA C","6.1","L140-ARROYO GRANDE","6.2","177","175","12G-145","","pt_21st-24th","","","","","","","","","","","",""
"20-Jul","3:30 PM","21st-24th","ALISO NIGUEL HS","148","L123-FOOTHILL","11","L126-TSUNAMI","4","177","175","12G-148","","pt_21st-24th","","","","","","","","","","","",""
"20-Jul","4:20 PM","13th-16th","ALISO NIGUEL HS","151","L124-LOS ALAMITOS	","3","L122-LA JOLLA UNITED","6","185","183","12G-151","","pt_13th-16th","","","","","","","","","","","",""
"20-Jul","5:10 PM","13th-16th","ALISO NIGUEL HS","156","L117-SD SHORES","1","L127-GREENWICH","13","185","183","12G-156","","pt_13th-16th","","","","","","","","","","","",""
"20-Jul","6:00 PM","play to semi, L to 5th","ALISO NIGUEL HS","159","L133-680 RED A	","12","W139-BACK BAY NAVY","13","172","193","12G-159","","pt_play to semi, L to 5th","","","","","","","","","","","",""
"20-Jul","6:50 PM","play to semi, L to 5th","ALISO NIGUEL HS","162","L136-SAN CLEMENTE RED","3","W142-LAMORINDA A","6","171","193","12G-162","","pt_play to semi, L to 5th","","","","","","","","","","","",""
"","","","SAN CLEMENTE HS","","","","","","","","","","","","","","","","","","","","","",""
"","","Type","Location","","White","","Dark","","","L to #","GMID","","","","","","","","","","","","","",""
"20-Jul","8:00 AM","3v8 QF","SAN CLEMENTE HS","114","1st pt_O-COMMERCE","7","1st pt_U-DEL MAR","18","136","142","12G-114","","pt_3v8 QF","","","","","","","","","","","",""
"20-Jul","8:50 AM","4v7 QF","SAN CLEMENTE HS","119","1st pt_P-680 RED A	","5","1st pt_T-STANFORD A","3","133","139","12G-119","","pt_4v7 QF","","","","","","","","","","","",""
"20-Jul","9:40 AM","17th-24th","SAN CLEMENTE HS","123","3rd pt_O-LB SHORE","11","3rd pt_U-FOOTHILL","7","160","148","12G-123","","pt_17th-24th","","","","","","","","","","","",""
"20-Jul","10:30 AM","17th-24th","SAN CLEMENTE HS","126","3rd pt_P-CHAWP","9","3rd pt_T-TSUNAMI","5","160","148","12G-126","","pt_17th-24th","","","","","","","","","","","",""
"20-Jul","11:20 AM","17th-24th","SAN CLEMENTE HS","137","3rd pt_M-LAMORINDA B","13","3rd pt_S-LAMORINDA C","3","157","145","12G-137","","pt_17th-24th","","","","","","","","","","","",""
"20-Jul","12:10 PM","17th-24th","SAN CLEMENTE HS","140","3rd pt_N-ARROYO GRANDE","5","3rd pt_R-SANTA BARBARA WPC","14","157","145","12G-140","","pt_17th-24th","","","","","","","","","","","",""
"20-Jul","1:00 PM","9-16 QF","SAN CLEMENTE HS","117","2nd pt_O-SD SHORES","9","2nd pt_U-OCWPC","10","146","156","12G-117","","pt_9-16 QF","","","","","","","","","","","",""
"20-Jul","1:50 PM","9-16 QF","SAN CLEMENTE HS","122","2nd pt_P-LA PREMIER","11","2nd pt_T-LA JOLLA UNITED","4","143","151","12G-122","","pt_9-16 QF","","","","","","","","","","","",""
"20-Jul","2:40 PM","17-20 semi","SAN CLEMENTE HS","128","W201-SOUTHSIDE","11","W202-SEASIDE","4","167","168","12G-128","","au_17-20 semi","","","","","","","","","","","",""
"20-Jul","3:30 PM","17-20 semi","SAN CLEMENTE HS","129","W203-BACK BAY BLACK","11","W204-CHICAGO PARK","9","167","168","12G-129","","au_17-20 semi","","","","","","","","","","","",""
"20-Jul","4:20 PM","17th-20th","SAN CLEMENTE HS","157","W137-LAMORINDA B","1","W140-SANTA BARBARA WPC","6","181","179","12G-157","","pt_17th-20th","","","","","","","","","","","",""
"20-Jul","5:10 PM","17th-20th","SAN CLEMENTE HS","160","W123-LB SHORE","3","W126-CHAWP","8","181","179","12G-160","","pt_17th-20th","","","","","","","","","","","",""
"20-Jul","6:00 PM","9th-12th","SAN CLEMENTE HS","143","W124-ROSE BOWL RED","3","W122-LA PREMIER","9","189","187","12G-143","","pt_9th-12th","","","","","","","","","","","",""
"20-Jul","6:50 PM","9th-12th","SAN CLEMENTE HS","146","W117-OCWPC","5","W127-908","9","189","187","12G-146","","pt_9th-12th","","","","","","","","","","","",""
"","","","MISSION VIEJO HS","","","","","","","","","","","","","","","","","","","","","",""
"","","Type","Location","","White","","Dark","","","L to #","GMID","","","","","","","","","","","","","",""
"20-Jul","8:00 AM","17-24 QF","MISSION VIEJO HS","201","3rd au_N-SOUTHSIDE","11","3rd au_R-CMAC","5","128","au_W1","12G-201","","au_17-24 QF","","","","","","","","","","","",""
"20-Jul","8:50 AM","17-24 QF","MISSION VIEJO HS","203","3rd au_M-BACK BAY BLACK","9","3rd au_S (W111)-CENTRAL COAST","6","129","au_V1","12G-203","","au_17-24 QF","","","","","","","","","","","",""
"20-Jul","9:40 AM","17-24 QF","MISSION VIEJO HS","202","3rd au_P-NORCAL BLACK","6","3rd au_T (W112)-SEASIDE","10","128","au_W2","12G-202","","au_17-24 QF","","","","","","","","","","","",""
"20-Jul","10:30 AM","17-24 QF","MISSION VIEJO HS","204","3rd au_O-PUNAHOU","3","3rd au_U-CHICAGO PARK","16","129","au_V2","12G-204","","au_17-24 QF","","","","","","","","","","","",""
"20-Jul","11:20 AM"," 21-28 W1/W4","MISSION VIEJO HS","135","au_W1-CMAC","10","au_W4(4th au_U)-CIU","9","","147A","12G-135","","au_ 21-28 W1/W4","","","","","","","","","","","",""
"20-Jul","12:10 PM","21-28 W2/W3","MISSION VIEJO HS","147","au_W2-NORCAL BLACK","13","au_W3-WHITTIER","8","","147A","12G-147","","au_21-28 W2/W3","","","","","","","","","","","",""
"20-Jul","1:00 PM","9-16 QF","MISSION VIEJO HS","131","2nd au_M-SAN CLEMENTE BLACK","10","2nd au_S(L97)-BROOKLYN HUSTLE","11","149","158","12G-131","","au_9-16 QF","","","","","","","","","","","",""
"20-Jul","1:50 PM","9-16 QF","MISSION VIEJO HS","134","2nd au_N-SAN JOSE EXPRESS","5","2nd au_R-AMERICAN RIVER","11","154","161","12G-134","","au_9-16 QF","","","","","","","","","","","",""
"20-Jul","2:40 PM","9-16 QF","MISSION VIEJO HS","130","2nd au_P-SANTA BARBARA WPC B","8","2nd au_T(L98)-LYONS AQUATICS","14","149","158","12G-130","","au_9-16 QF","","","","","","","","","","","",""
"20-Jul","3:30 PM","9-16 QF","MISSION VIEJO HS","125","2nd au_O-DAVIS","3","2nd au_U-NEWPORT BEACH WHITE","13","154","161","12G-125","","au_9-16 QF","","","","","","","","","","","",""
"20-Jul","4:20 PM","21-28 1st/2ndW","MISSION VIEJO HS","","W#W1/W4-CMAC","16","W#W2/W3-NORCAL BLACK","5","176","174","12G-135A","","au_21-28 1st/2ndW","","","","","","","","","","","",""
"20-Jul","5:10 PM","21-28 3rd/4thW","MISSION VIEJO HS","","L#L1/L4-CIU","15","L#L2/L3-WHITTIER","6","173","165","12G-147A","","au_21-28 3rd/4thW","","","","","","","","","","","",""
"20-Jul","6:00 PM","21-28 3rd/4thV","MISSION VIEJO HS","","L132-CAL REPUBLIC","12","L144-PUNAHOU","8","173","165","12G-152A","","au_21-28 3rd/4thV","","","","","","","","","","","",""
"20-Jul","6:50 PM","9th-12th","MISSION VIEJO HS","149","W131-BROOKLYN HUSTLE","10","W130-LYONS AQUATICS","11","188","186","12G-149","","au_9th-12th","","","","","","","","","","","",""
"20-Jul","7:40 PM","9th-12th","MISSION VIEJO HS","154","W125-NEWPORT BEACH WHITE","9","W134-AMERICAN RIVER","1","188","186","12G-154","","au_9th-12th","","","","","","","","","","","",""
"","","","LAGUNA HILLS HS","","","","","","","","","","","","","","","","","","","","","",""
"","","Type","Location","","White","","Dark","","","L to #","GMID","","","","","","","","","","","","","",""
"20-Jul","8:00 AM","3v8 QF","LAGUNA HILLS HS","115","1st au_O-LAGUNA BEACH","1","1st au_U-DIABLO ALLIANCE A","3","141","155","12G-115","","au_3v8 QF","","","","","","","","","","","",""
"20-Jul","8:50 AM","4v7 QF","LAGUNA HILLS HS","120","1st au_P-NORTH IRVINE","6","1st au_T(W98)-SHAQ","11","138","150","12G-120","","au_4v7 QF","","","","","","","","","","","",""
"20-Jul","9:40 AM","1v6 QF","LAGUNA HILLS HS","116","1st au_M-SOUTH COAST RED","17","1st au_S(W97)-STANFORD B","4","138","150","12G-116","","au_1v6 QF","","","","","","","","","","","",""
"20-Jul","10:30 AM","2v5 QF","LAGUNA HILLS HS","121","1st au_N-NORTH IDAHO","4","1st au_R-TEMPLE CITY","13","141","155","12G-121","","au_2v5 QF","","","","","","","","","","","",""
"20-Jul","11:20 AM","21-28 V1/V4","LAGUNA HILLS HS","132","au_V1(L203)-CENTRAL COAST","10","au_V4(4th_au_R)-CAL REPUBLIC","3","152","152A","12G-132","","au_21-28 V1/V4","","","","","","","","","","","",""
"20-Jul","12:10 PM","W to semi, L to play-in","LAGUNA HILLS HS","138","W116-SOUTH COAST RED","7.3","W120-SHAQ","7.4","169","163","12G-138","","au_W to semi, L to play-in","","","","","","","","","","","",""
"20-Jul","1:00 PM","21-28 V2/V3","LAGUNA HILLS HS","144","au_V2(L204)-PUNAHOU","5","4th au_S(L111)-680 BLUE","10","152","152A","12G-144","","au_21-28 V2/V3","","","","","","","","","","","",""
"20-Jul","1:50 PM","W to semi, L to play-in","LAGUNA HILLS HS","141","W115-DIABLO ALLIANCE A","1","W121-TEMPLE CITY","3","170","164","12G-141","","au_W to semi, L to play-in","","","","","","","","","","","",""
"20-Jul","2:40 PM","W to play-in","LAGUNA HILLS HS","150","L116-STANFORD B","6","L120-NORTH IRVINE","14","163","190","12G-150","","au_W to play-in","","","","","","","","","","","",""
"20-Jul","3:30 PM","W to play-in","LAGUNA HILLS HS","155","L115-LAGUNA BEACH","6.2","L121-NORTH IDAHO","6.0","164","190","12G-155","","au_W to play-in","","","","","","","","","","","",""
"20-Jul","4:20 PM","13th-16th","LAGUNA HILLS HS","158","L131-SAN CLEMENTE BLACK","11","L130-SANTA BARBARA WPC B","4","184","182","12G-158","","au_13th-16th","","","","","","","","","","","",""
"20-Jul","5:10 PM","13th-16th","LAGUNA HILLS HS","161","L125-DAVIS","9.4","L134-SAN JOSE EXPRESS","9.3","184","182","12G-161","","au_13th-16th","","","","","","","","","","","",""
"20-Jul","6:00 PM","21-28 1st/2ndV","LAGUNA HILLS HS","152","W132-CENTRAL COAST","6","W144-680 BLUE","3","176","174","12G-152","","au_21-28 1st/2ndV","","","","","","","","","","","",""
"20-Jul","6:50 PM","play to semi, L to 5th","LAGUNA HILLS HS","163","L138-SOUTH COAST RED","12.3","W150-NORTH IRVINE","12.2","170","192","12G-163","","au_play to semi, L to 5th","","","","","","","","","","","",""
"20-Jul","7:40 PM","play to semi, L to 5th","LAGUNA HILLS HS","164","L141-DIABLO ALLIANCE A","6","W155-LAGUNA BEACH","0","169","192","12G-164","","au_play to semi, L to 5th","","","","","","","","","","","",""
"Tue, July 21","","","","","","","","","","pt_","au_","","","","","","","","","","","","","",""
"","","","LAGUNA HILLS HS","","","","","","","","","","no game 166","","","","","","","","","","","",""
"","","Type","Location","","White","","Dark","","","L to #","GMID","","","","","","","","","","","","","",""
"21-Jul","7:00 AM","27th","LAGUNA HILLS HS","165","4th au_V(L152A)-PUNAHOU","8","4th au_W(L147A)-WHITTIER","15","","28th","12G-165","","au_27th","","","","","","","","","","","",""
"21-Jul","8:00 AM","25th","LAGUNA HILLS HS","173","3rd au_V(W152A)-CAL REPUBLIC","1","3rd au_W(W147A)-CIU","12","","26th","12G-173","","au_25th","","","","","","","","","","","",""
"21-Jul","9:00 AM","23rd","LAGUNA HILLS HS","174","2nd au_V(L152)-680 BLUE","3","2nd au_W(L135A)-NORCAL BLACK","6","","24th","12G-174","","au_23rd","","","","","","","","","","","",""
"21-Jul","10:00 AM","21st","LAGUNA HILLS HS","176","1st au_V(W152)-CENTRAL COAST","11","1st au_W(W135A)-CMAC","15","","22nd","12G-176","","au_21st","","","","","","","","","","","",""
"21-Jul","11:00 AM","15th","LAGUNA HILLS HS","182","L158-SANTA BARBARA WPC B","7","L161-SAN JOSE EXPRESS","8","","16th","12G-182","","au_15th","","","","","","","","","","","",""
"21-Jul","12:00 PM","17th","LAGUNA HILLS HS","167","W128-SOUTHSIDE","4","W129-BACK BAY BLACK","19","","18th","12G-167","","au_17th","","","","","","","","","","","",""
"21-Jul","1:00 PM","19th","LAGUNA HILLS HS","168","L128-SEASIDE","8","L129-CHICAGO PARK","16","","20th","12G-168","","au_19th","","","","","","","","","","","",""
"","","","MISSION VIEJO HS","","","","","","","","","","","","","","","","","","","","","",""
"","","Type","Location","","White","","Dark","","","L to #","GMID","","","","","","","","","","","","","",""
"21-Jul","7:00 AM","21st","MISSION VIEJO HS","177","W145-ARROYO GRANDE","4","W148-FOOTHILL","12","","22nd","12G-177","","pt_21st","","","","","","","","","","","",""
"21-Jul","8:00 AM","23rd","MISSION VIEJO HS","175","L145-LAMORINDA C","5","L148-TSUNAMI","9","","24th","12G-175","","pt_23rd","","","","","","","","","","","",""
"21-Jul","9:00 AM","5th","MISSION VIEJO HS","192","L163-NORTH IRVINE","6","L164-LAGUNA BEACH","10","","6th","12G-192","","au_5th","","","","","","","","","","","",""
"21-Jul","10:00 AM","7th","MISSION VIEJO HS","190","L150-STANFORD B","9.3","L155-NORTH IDAHO","9.4","","8th","12G-190","","au_7th","","","","","","","","","","","",""
"21-Jul","11:00 AM","9th","MISSION VIEJO HS","188","W149-LYONS AQUATICS","6","W154-NEWPORT BEACH WHITE","10","","10th","12G-188","","au_9th","","","","","","","","","","","",""
"21-Jul","12:00 PM","11th","MISSION VIEJO HS","186","L149-BROOKLYN HUSTLE","8","L154-AMERICAN RIVER","9","","12th","12G-186","","au_11th","","","","","","","","","","","",""
"21-Jul","1:00 PM","13th","MISSION VIEJO HS","184","W158-SAN CLEMENTE BLACK","7","W161-DAVIS","8","","14th","12G-184","","au_13th","","","","","","","","","","","",""
"","","","SAN CLEMENTE HS","","","","","","","","","","","","","","","","","","","","","",""
"","","Type","Location","","White","","Dark","","","L to #","GMID","","","","","","","","","","","","","",""
"21-Jul","7:00 AM","semi","SAN CLEMENTE HS","172","W136-DEL MAR","13","W159-BACK BAY NAVY","6","197","196","12G-172","","pt_semi","","","","","","","","","","","",""
"21-Jul","8:00 AM","9th","SAN CLEMENTE HS","189","W143-LA PREMIER","5","W146-908","1","","10th","12G-189","","pt_9th","","","","","","","","","","","",""
"21-Jul","9:00 AM","11th","SAN CLEMENTE HS","187","L143-ROSE BOWL RED","4","L146-OCWPC","16","","12th","12G-187","","pt_11th","","","","","","","","","","","",""
"21-Jul","10:00 AM","13th","SAN CLEMENTE HS","185","W151-LA JOLLA UNITED","5","W156-GREENWICH","13","","14th","12G-185","","pt_13th","","","","","","","","","","","",""
"21-Jul","11:00 AM","15th","SAN CLEMENTE HS","183","L151-LOS ALAMITOS	","4","L156-SD SHORES","8","","16th","12G-183","","pt_15th","","","","","","","","","","","",""
"21-Jul","12:00 PM","17th","SAN CLEMENTE HS","181","W157-SANTA BARBARA WPC","8","W160-CHAWP","6","","18th","12G-181","","pt_17th","","","","","","","","","","","",""
"21-Jul","1:00 PM","19th","SAN CLEMENTE HS","179","L157-LAMORINDA B","5","L160-LB SHORE","11","","20th","12G-179","","pt_19th","","","","","","","","","","","",""
"","","","ALISO NIGUEL HS","","","","","","","","","","","","","","","","","","","","","",""
"","","Type","Location","","White","","Dark","","","L to #","GMID","","","","","","","","","","","","","",""
"21-Jul","7:00 AM","semi","ALISO NIGUEL HS","171","W133-NEWPORT BEACH BLUE","11","W162-LAMORINDA A","7","197","196","12G-171","","pt_semi","","","","","","","","","","","",""
"21-Jul","8:00 AM","semi","ALISO NIGUEL HS","169","W138-SHAQ","7","W164-DIABLO ALLIANCE A","0","195","194","12G-169","","au_semi","","","","","","","","","","","",""
"21-Jul","9:00 AM","semi","ALISO NIGUEL HS","170","W141-TEMPLE CITY","10","W163-SOUTH COAST RED","4","195","194","12G-170","","au_semi","","","","","","","","","","","",""
"21-Jul","10:00 AM","5th","ALISO NIGUEL HS","193","L159-680 RED A	","8","L162-SAN CLEMENTE RED","11","","6th","12G-193","","pt_5th","","","","","","","","","","","",""
"21-Jul","11:00 AM","7th","ALISO NIGUEL HS","191","L139-STANFORD A","5","L142-COMMERCE","7","","8th","12G-191","","pt_7th","","","","","","","","","","","",""
"21-Jul","12:00 PM","3rd","ALISO NIGUEL HS","194","L169-DIABLO ALLIANCE A","3","L170-SOUTH COAST RED","8","","4th","12G-194","","au_3rd","","","","","","","","","","","",""
"21-Jul","1:00 PM","1st","ALISO NIGUEL HS","195","W169-SHAQ","5","W170-TEMPLE CITY","4","","2nd","12G-195","","au_1st","","","","","","","","","","","",""
"","","","WOOLLETT LEFT","","","","","","","","","","","","","","","","","","","","","",""
"","","Type","Location","","White","","Dark","","","L to #","GMID","","","","","","","","","","","","","",""
"21-Jul","12:00 PM","3rd","WOOLLETT LEFT","196","L171-LAMORINDA A","6","L172-BACK BAY NAVY","8","","4th","12G-196","","pt_3rd","","","","","","","","","","","",""
"","","","WOOLLETT RIGHT","","","","","","","","","","","","","","","","","","","","","",""
"","","Type","Location","","White","","Dark","","","L to #","GMID","","","","","","","","","","","","","",""
"21-Jul","12:00 PM","1st","WOOLLETT RIGHT","197","W171-NEWPORT BEACH BLUE","10","W172-DEL MAR","6","","2nd","12G-197","","pt_1st","","","","","","","","","","","",""
"","","au_Place","","","","","","","","","","","","","","","","","","","","","","",""
"","","1st","W195-SHAQ","","","","","","","","","","","","","","","","","","","","","",""
"","","2nd","L195-TEMPLE CITY","","","","","","","","","","","","","","","","","","","","","",""
"","","3rd","W194-SOUTH COAST RED","","","","","","","","","","","","","","","","","","","","","",""
"","","4th","L194-DIABLO ALLIANCE A","","","","","","","","","","","","","","","","","","","","","",""
"","","5th","W192-LAGUNA BEACH","","","","","","","","","","","","","","","","","","","","","",""
"","","6th","L192-NORTH IRVINE","","","","","","","","","","","","","","","","","","","","","",""
"","","7th","W190-NORTH IDAHO","","","","","","","","","","","","","","","","","","","","","",""
"","","8th","L190-STANFORD B","","","","","","","","","","","","","","","","","","","","","",""
"","","9th","W188-NEWPORT BEACH WHITE","","","","","","","","","","","","","","","","","","","","","",""
"","","10th","L188-LYONS AQUATICS","","","","","","","","","","","","","","","","","","","","","",""
"","","11th","W186-AMERICAN RIVER","","","","","","","","","","","","","","","","","","","","","",""
"","","12th","L186-BROOKLYN HUSTLE","","","","","","","","","","","","","","","","","","","","","",""
"","","13th","W184-DAVIS","","","","","","","","","","","","","","","","","","","","","",""
"","","14th","L184-SAN CLEMENTE BLACK","","","","","","","","","","","","","","","","","","","","","",""
"","","15th","W182-SAN JOSE EXPRESS","","","","","","","","","","","","","","","","","","","","","",""
"","","16th","L182-SANTA BARBARA WPC B","","","","","","","","","","","","","","","","","","","","","",""
"","","17th","W167-BACK BAY BLACK","","","","","","","","","","","","","","","","","","","","","",""
"","","18th","L167-SOUTHSIDE","","","","","","","","","","","","","","","","","","","","","",""
"","","19th","W168-CHICAGO PARK","","","","","","","","","","","","","","","","","","","","","",""
"","","20th","L168-SEASIDE","","","","","","","","","","","","","","","","","","","","","",""
"","","21st","W176-CMAC","","","","","","","","","","","","","","","","","","","","","",""
"","","22nd","L176-CENTRAL COAST","","","","","","","","","","","","","","","","","","","","","",""
"","","23rd","W174-NORCAL BLACK","","","","","","","","","","","","","","","","","","","","","",""
"","","24th","L174-680 BLUE","","","","","","","","","","","","","","","","","","","","","",""
"","","25th","W173-CAL REPUBLIC","","","","","","","","","","","","","","","","","","","","","",""
"","","26th","L173-CAL REPUBLIC","","","","","","","","","","","","","","","","","","","","","",""
"","","27th","W165-PUNAHOU","","","","","","","","","","","","","","","","","","","","","",""
"","","28th","L165-PUNAHOU","","","","","","","","","","","","","","","","","","","","","",""
"","","C","D","","F (RR)","","H","","","","","","","","","","","","","","","","","",""
"","","C1(3)-COMMERCE","D1(4)-680 RED A","","F1(6)-BACK BAY NAVY","","H1(8)-DEL MAR","","","","","","","","","","","","","","","","","",""
"","","C2(30)-BROOKLYN HUSTLE","D2(29)-TEMPLE CITY","","F2(27)-DAVIS","","H2(25)-SOUTH COAST RED","","","","","","","","","","","","","","","","","",""
"","","C3(35)-SEASIDE","D3(36)-NEWPORT BEACH WHITE","","F3(38)-SAN JOSE EXPRESS","","H3(40)-SANTA BARBARA WPC B","","","","","","","","","","","","","","","","","",""
"","","","","","F4(50)-WHITTIER","","","","","","","","","","","","","","","","","","","",""
"","","C","D","","F (RR)","","H","","","","","","","","","","","","","","","","","",""
"","","C1(3)-COMMERCE","D1(4)-680 RED A","","F1(6)-BACK BAY NAVY","","H1(8)-DEL MAR","","","","","","","","","","","","","","","","","",""
"","","C2(30)-BROOKLYN HUSTLE","D2(29)-TEMPLE CITY","","F2(27)-DAVIS","","H2(25)-SOUTH COAST RED","","","","","","","","","","","","","","","","","",""
"","","C3(35)-SEASIDE","D3(36)-NEWPORT BEACH WHITE","","F3(38)-SAN JOSE EXPRESS","","H3(40)-SANTA BARBARA WPC B","","","","","","","","","","","","","","","","","",""
"","","","","","F4(50)-WHITTIER","","","","","","","","","","","","","","","","","","","",""
"","","3","4","5","6","7","8","","","","","","","","","","","","","","","","","",""
"","","30","29","28","27","26","25","","","","","","","","","","","","","","","","","",""
"","","35","36","37","38","39","40","","","","","","","","","","","","","","","","","",""
"","","","","","50-","","","","","","","","","","","","","","","","","","","",""
"","","K (RR)","L","","N","","P","","","","","","","","","","","","","","","","","",""
"","","K1(11)-TSUNAMI","L1(12)-SANTA BARBARA WPC","","N1(14)-ARROYO GRANDE","","P1(16)-LAMORINDA B","","","","","","","","","","","","","","","","","",""
"","","K2(22)-LOS ALAMITOS","L2(21)-FOOTHILL","","N2(19)-LB SHORE","","P2(17)-DIABLO ALLIANCE A","","","","","","","","","","","","","","","","","",""
"","","K3(43)-680 BLUE","L3(44)-SAN CLEMENTE BLACK","","N3(46)-LYONS AQUATICS","","P3(48)-CAL REPUBLIC","","","","","","","","","","","","","","","","","",""
"","","K4(49)-NORTH IDAHO","L4(52)-CMAC","","","","","","","","","","","","","","","","","","","","","",""
"","","11","12","13","14","15","16","","","","","","","","","","","","","","","","","",""
"","","22","21","20","19","18","17","","","","","","","","","","","","","","","","","",""
"","","43","44","45","46","47","48","","","","","","","","","","","","","","","","","",""
"","","49","52","","","","","","","","","","","","","","","","","","","","","",""
"","","K (RR)","L","","N","","P","","","","","","","","","","","","","","","","","",""
"","","K1(11)-TSUNAMI","L1(12)-SANTA BARBARA WPC","","N1(14)-ARROYO GRANDE","","P1(16)-LAMORINDA B","","","","","","","","","","","","","","","","","",""
"","","K2(22)-LOS ALAMITOS","L2(21)-FOOTHILL","","N2(19)-LB SHORE","","P2(17)-DIABLO ALLIANCE A","","","","","","","","","","","","","","","","","",""
"","","K3(43)-680 BLUE","L3(44)-SAN CLEMENTE BLACK","","N3(46)-LYONS AQUATICS","","P3(48)-CAL REPUBLIC","","","","","","","","","","","","","","","","","",""
"","","K4(49)-NORTH IDAHO","L4(52)-CMAC","","","","","","","","","","","","","","","","","","","","","",""