Day 1,HOT! RESULTS,SUBMIT SCORES!,Quarter Lengths by Day,,,,,,,,,,,
"Thu, July 30",,,6-6-7-7,,,,,,,,,,,
,,,Seeds,,,,,,,,,,,
A,B,C,D,,,,,,,,,,,
A1(1)-GLADIATORS GOLD,B1(2)-SOUTHSIDE,C1(3)-ROCKY MOUNTAIN WARRIORS,D1(4)-NEW HAVEN HYDRAS,,,,,,,,,,,
A2(16)-VIPER PIGEON BLUE,B2(15)-NARROWS,C2(14)-SLAP GOLD,D2(13)-HOUSTON HYDRA,,,,,,,,,,,
A3(17)-ZENITH ALL STARS,B3(18)-GLADIATORS BLACK,C3(19)-KRAKEN SATX,D3(20)-PAC,,,,,,,,,,,
,,,,,,,,,,,,,,
E,F,G,H,,,,,,,,,,,
E1(5)-WEST SUBURBAN,F1(6)-JUNGLE CAT,G1(7)-DYNAMO,H1(8)-ALAMO BLACK,KAHUNA EVENTS,,,,,,,,,,
E2(12)-LOWPO,F2(11)-CHICACO PARKS DISTRICT,G2(10)-STORM TORNADOES,H2(9)-BCWP,BRACKET BREAKER PROGRAM,,,,,,,,,,
E3(21)-ALAMO YELLOW,F3(22)-VIPER PIGEON BLACK,G3(23)-DAISY,H3(24)-LONGHORN,CLICK HERE,,,,,,,,,,
,,,H4(25)-LOWPO RED,,,,,,,,,,,
,,,,,,,,,,,16B,,,
,,,LEWISVILLE ISD WESTSIDE 1,,,,,,,,,,,
Date,Time,Type,Location,Gm #,White,S,Dark,S,W to #,L to #,GMID,,,
30-Jul,7:30 AM,Group,LEWISVILLE ISD WESTSIDE 1,7,B1(2)-SOUTHSIDE,,B3(18)-GLADIATORS BLACK,,,,16B-007,,,
30-Jul,8:20 AM,Group,LEWISVILLE ISD WESTSIDE 1,9,G1(7)-DYNAMO,,G3(23)-DAISY,,,,16B-009,,,
30-Jul,9:10 AM,W/L H1/H4,LEWISVILLE ISD WESTSIDE 1,3,H1(8)-ALAMO BLACK,,H4(25)-LOWPO RED,,13,13A,16B-003,,,
30-Jul,10:00 AM,Group,LEWISVILLE ISD WESTSIDE 1,15,B2(15)-NARROWS,,B3(18)-GLADIATORS BLACK,,,,16B-015,,,
30-Jul,10:50 AM,Group,LEWISVILLE ISD WESTSIDE 1,17,G2(10)-STORM TORNADOES,,G3(23)-DAISY,,,,16B-017,,,
30-Jul,11:40 AM,1st/2ndH,LEWISVILLE ISD WESTSIDE 1,13,W3,,W5,,pt_M2,pt_O3,16B-013,1st/2ndH,,
30-Jul,12:30 PM,Group,LEWISVILLE ISD WESTSIDE 1,21,B1(2)-SOUTHSIDE,,B2(15)-NARROWS,,,,16B-021,,,
30-Jul,1:20 PM,Group,LEWISVILLE ISD WESTSIDE 1,23,G1(7)-DYNAMO,,G2(10)-STORM TORNADOES,,,,16B-023,,,
,,,,,,,,,,,,,,
30-Jul,3:00 PM,Group,LEWISVILLE ISD WESTSIDE 2,18,C1(3)-ROCKY MOUNTAIN WARRIORS,,C2(14)-SLAP GOLD,,,,16B-018,,,
30-Jul,3:50 PM,Cross,LEWISVILLE ISD WESTSIDE 1,27,2ndB-,,2ndG-,,pt_O4,au_O1,16B-027,,,
,,,,,,,,,,,,,,
,,,,,,,,,,,,,,
,,,LEWISVILLE ISD WESTSIDE 2,,,,,,,,,,,
Date,Time,Type,Location,Gm #,White,S,Dark,S,W to #,L to #,GMID,,,
30-Jul,7:30 AM,Group,LEWISVILLE ISD WESTSIDE 2,1,A1(1)-GLADIATORS GOLD,,A3(17)-ZENITH ALL STARS,,,,16B-001,,,
30-Jul,8:20 AM,Group,LEWISVILLE ISD WESTSIDE 2,4,F1(6)-JUNGLE CAT,,F3(22)-VIPER PIGEON BLACK,,,,16B-004,,,
30-Jul,9:10 AM,W/L H2/H3,LEWISVILLE ISD WESTSIDE 2,5,H2(9)-BCWP,,H3(24)-LONGHORN,,13,13A,16B-005,added game,,
30-Jul,10:00 AM,Group,LEWISVILLE ISD WESTSIDE 2,11,A2(16)-VIPER PIGEON BLUE,,A3(17)-ZENITH ALL STARS,,,,16B-011,,,
30-Jul,10:50 AM,Group,LEWISVILLE ISD WESTSIDE 2,12,F2(11)-CHICACO PARKS DISTRICT,,F3(22)-VIPER PIGEON BLACK,,,,16B-012,,,
30-Jul,11:40 AM,3rd/4thH,LEWISVILLE ISD WESTSIDE 2,13A,L3,,L5,,25,au_N3,16B-13A,3rd/4thH,,
30-Jul,12:30 PM,Group,LEWISVILLE ISD WESTSIDE 2,19,A1(1)-GLADIATORS GOLD,,A2(16)-VIPER PIGEON BLUE,,,,16B-019,,,
30-Jul,1:20 PM,Group,LEWISVILLE ISD WESTSIDE 2,20,F1(6)-JUNGLE CAT,,F2(11)-CHICACO PARKS DISTRICT,,,,16B-020,,,
,,,,,,,,,,,,,,
30-Jul,3:50 PM,Cross,LEWISVILLE ISD WESTSIDE 2,28,2ndD-,,2ndE-,,pt_N3,au_M1,16B-028,,,
30-Jul,4:40 PM,Cross,LEWISVILLE ISD WESTSIDE 2,25,2ndA-,,W13A,,pt_P3,au_P1,16B-025,,,
30-Jul,5:30 PM,Cross,LEWISVILLE ISD WESTSIDE 2,26,2ndC-,,2ndF-,,pt_M3,au_N1,16B-026,,,
,,,,,,,,,,,,,,
,,,DENTON ISD,,,,,,,,,,,
Date,Time,Type,Location,Gm #,White,S,Dark,S,W to #,L to #,GMID,,,
30-Jul,7:30 AM,Group,DENTON ISD,6,D1(4)-NEW HAVEN HYDRAS,,D3(20)-PAC,,,,16B-006,,,
30-Jul,8:20 AM,Group,DENTON ISD,8,E1(5)-WEST SUBURBAN,,E3(21)-ALAMO YELLOW,,,,16B-008,,,
30-Jul,9:10 AM,Group,DENTON ISD,2,C1(3)-ROCKY MOUNTAIN WARRIORS,,C3(19)-KRAKEN SATX,,,,16B-002,,,
30-Jul,10:00 AM,Group,DENTON ISD,14,D2(13)-HOUSTON HYDRA,,D3(20)-PAC,,,,16B-014,,,
30-Jul,10:50 AM,Group,DENTON ISD,16,E2(12)-LOWPO,,E3(21)-ALAMO YELLOW,,,,16B-016,,,
30-Jul,11:40 AM,Group,DENTON ISD,10,C2(14)-SLAP GOLD,,C3(19)-KRAKEN SATX,,,,16B-010,,,
30-Jul,12:30 PM,Group,DENTON ISD,22,D1(4)-NEW HAVEN HYDRAS,,D2(13)-HOUSTON HYDRA,,,,16B-022,,,
30-Jul,1:20 PM,Group,DENTON ISD,24,E1(5)-WEST SUBURBAN,,E2(12)-LOWPO,,,,16B-024,,,
,,,,,,,,,,,,,,
Day 2,,,,,,,,,,,,,,
"Fri, July 31",,,,,,,,,,,,,,
,Platinum,,,,,,,,,,,,,
,pt_M,pt_M,pt_O,pt_P,,,,,,,,,,
1,pt_M1(1stA)-,pt_N1(1stB)-,pt_O1(1stC)-,pt_P1(1stD)-,,,,,,,,,,
2,pt_M2(W13),pt_N2(1stG)-,pt_O2(1stF)-,pt_P2(1stE)-,,,,,,,,,,
3,pt_M3(W26),pt_N3(W28),pt_O3(L13),pt_P3(W25),,,,,,,,,,
,,,pt_O4(W27),,,,,,,,,,,
,,,,,,,,,,,,,,
,Gold,,,,,,,,,,,,,
,au_M,au_N,au_O,au_P,,,,,,,,,,
1,au_M1(L28),au_N1(L26),au_O1(L27),au_P1(L25),,,,,,,,,,
2,au_M2(3rdB)-,au_N2(3rdA)-,au_O2(3rdD)-,au_P2(3rdC)-,,,,,,,,,,
3,au_M3(3rdG)-,au_N3(L13A),au_O3(3rdE)-,au_P3(3rdF)-,,,,,,,,,,
,,,,,,,,,,,,,,
,,,,,,,,,,,,,,
,,,GARLAND ISD 1,,,,,,,,,,,
Date,Time,Type,Location,Gm #,White,S,Dark,S,W to #,L to #,GMID,,,
31-Jul,7:30 AM,Group,GARLAND ISD 1,30,pt_N1(1stB)-,,pt_N3(W28),,,,16B-030,,,pt_Group
31-Jul,8:20 AM,Group,GARLAND ISD 1,32,pt_O2(1stF)-,,pt_O3(L13),,46,38,16B-032,,,pt_Group
31-Jul,9:10 AM,Group,GARLAND ISD 1,32A,pt_P1(1stD)-,,pt_P3(W25),,,,16B-32A,added,,pt_Group
31-Jul,10:00 AM,Group,GARLAND ISD 1,34,pt_M1(1stA)-,,pt_M3(W26),,,,16B-034,,,pt_Group
31-Jul,10:50 AM,Group,GARLAND ISD 1,36,pt_N2(1stG)-,,pt_N3(W28),,,,16B-036,,,pt_Group
31-Jul,11:40 AM,Group,GARLAND ISD 1,38,L32,,L29A,,54,52,16B-038,,,pt_Group
31-Jul,12:30 PM,Group,GARLAND ISD 1,40,pt_P2(1stE)-,,pt_P3(W25),,,,16B-040,,,pt_Group
31-Jul,1:20 PM,Group,GARLAND ISD 1,42,pt_M2(W13),,pt_M3(W26),,,,16B-042,,,pt_Group
31-Jul,2:10 PM,Group,GARLAND ISD 1,44,pt_N1(1stB)-,,pt_N2(1stG)-,,,,16B-044,,,pt_Group
31-Jul,3:00 PM,Group,GARLAND ISD 1,46,W32,,W29A,,62,58,16B-046,,,pt_Group
31-Jul,3:50 PM,Group,GARLAND ISD 1,48,pt_P1(1stD)-,,pt_P2(1stE)-,,,,16B-048,,,pt_Group
31-Jul,4:40 PM,Group,GARLAND ISD 1,50,pt_M1(1stA)-,,pt_M2(W13),,,,16B-050,,,pt_Group
31-Jul,5:30 PM,Group,GARLAND ISD 1,52,L38,,3rd_pt_N-,,56,pt_R3,16B-052,,,pt_Group
,,,,,,,,,,,,,,
,,,GARLAND ISD 2,,,,,,,,,,,
Date,Time,Type,Location,Gm #,White,S,Dark,S,W to #,L to #,GMID,,,
31-Jul,7:30 AM,Group,GARLAND ISD 2,29A,pt_O1(1stC)-,,pt_O4(W27),,46,38,16B-29A,,,pt_Group
31-Jul,8:20 AM,Group,GARLAND ISD 2,29,au_M1(L28),,au_M2(3rdB)-,,,,16B-029,,,au_Group
31-Jul,9:10 AM,Group,GARLAND ISD 2,31,au_P1(L25),,pt_P2(1stE)-,,,,16B-031,,,au_Group
31-Jul,10:00 AM,Group,GARLAND ISD 2,33,au_N1(L26),,au_N2(3rdA)-,,,,16B-033,,,au_Group
31-Jul,10:50 AM,Group,GARLAND ISD 2,35,au_O1(L27),,au_O2(3rdD)-,,,,16B-035,,,au_Group
31-Jul,11:40 AM,Group,GARLAND ISD 2,37,au_M1(L28),,au_M3(3rdG)-,,,,16B-037,,,au_Group
31-Jul,12:30 PM,Group,GARLAND ISD 2,39,au_P1(L25),,au_P3(3rdF)-,,,,16B-039,,,au_Group
31-Jul,1:20 PM,Group,GARLAND ISD 2,41,au_N1(L26),,au_N3(L13A),,,,16B-041,,,au_Group
31-Jul,2:10 PM,Group,GARLAND ISD 2,43,au_O1(L27),,au_O3(3rdE)-,,,,16B-043,,,au_Group
31-Jul,3:00 PM,Group,GARLAND ISD 2,45,au_M2(3rdB)-,,au_M3(3rdG)-,,,,16B-045,,,au_Group
31-Jul,3:50 PM,Group,GARLAND ISD 2,47,au_P2(3rdC)-,,au_P3(3rdF)-,,,,16B-047,,,au_Group
31-Jul,4:40 PM,Group,GARLAND ISD 2,49,au_N2(3rdA)-,,au_N3(L13A),,,,16B-049,,,au_Group
31-Jul,5:30 PM,Group,GARLAND ISD 2,51,au_O2(3rdD)-,,au_O3(3rdE)-,,,,16B-051,,,au_Group
,,,,,,,,,,,,,,
Day 3,,,,,,,,,,,,,,
"Sat, August 1",,,,,,,,,,,,,,
pt_R,,,,,,,,,,,,,,
pt_R1(L70),,,,,,,,,,,,,,
pt_R2(L72),,,,,,,,,,,,,,
pt_R3(L52),,,,,,,,,,,,,,
,,,LEWISVILLE ISD WESTSIDE 1,,,,,,,,,,,
Date,Time,Type,Location,Gm #,White,S,Dark,S,W to #,L to #,GMID,,,
1-Aug,7:30 AM,5-8 v 9-12,LEWISVILLE ISD WESTSIDE 1,54,2nd pt_P-,,W38,,64,70,16B-054,,,pt_5-8 v 9-12
1-Aug,8:30 AM,5-8 v 9-12,LEWISVILLE ISD WESTSIDE 1,56,2nd pt_M-,,W52,,64,70,16B-056,,,pt_5-8 v 9-12
1-Aug,9:30 AM,5-8 v 9-12,LEWISVILLE ISD WESTSIDE 1,58,L46,,3rd pt_P-,,68,72,16B-058,,,pt_5-8 v 9-12
1-Aug,10:30 AM,5-8 v 9-12,LEWISVILLE ISD WESTSIDE 1,60,2nd pt_N-,,3rd pt_M-,,68,72,16B-060,,,pt_5-8 v 9-12
1-Aug,11:30 AM,1-2 v 3-4,LEWISVILLE ISD WESTSIDE 1,62,1st pt_N-,,W46,,78,74,16B-062,,,pt_1-2 v 3-4
1-Aug,12:30 PM,5-6 v 7-8,LEWISVILLE ISD WESTSIDE 1,64,W54,,W56,,74,88,16B-064,,,pt_5-6 v 7-8
1-Aug,1:30 PM,1-2 v 3-4,LEWISVILLE ISD WESTSIDE 1,66,1st pt_M-,,1st pt_P-,,77,76,16B-066,,,pt_1-2 v 3-4
1-Aug,2:30 PM,5-6 v 7-8,LEWISVILLE ISD WESTSIDE 1,68,W58,,W60,,76,88,16B-068,,,pt_5-6 v 7-8
1-Aug,3:30 PM,9 semi,LEWISVILLE ISD WESTSIDE 1,70,L56,,L54,,83,pt_R1,16B-070,,,pt_9 semi
1-Aug,4:30 PM,9 semi,LEWISVILLE ISD WESTSIDE 1,72,L60,,L58,,83,pt_R2,16B-072,,,pt_9 semi
1-Aug,5:30 PM,qtr final,LEWISVILLE ISD WESTSIDE 1,74,L62,,W64,,77,87,16B-074,,,pt_qtr final
1-Aug,6:30 PM,qtr final,LEWISVILLE ISD WESTSIDE 1,76,L66,,W68,,78,87,16B-076,,,pt_qtr final
1-Aug,7:30 PM,11-13 RR,LEWISVILLE ISD WESTSIDE 1,76A,pt_R1(L70),,pt_R3(L52),,,,16B-76A,,,pt_11-13 RR
,,,,,,,,,,,,,,
,,,LEWISVILLE ISD WESTSIDE 2,,,,,,,,,,,
Date,Time,Type,Location,Gm #,White,S,Dark,S,W to #,L to #,GMID,,,
1-Aug,7:30 AM,5-8 v 9-12,LEWISVILLE ISD WESTSIDE 2,53,2nd au_P-,,3rd au_O-,,63,69,16B-053,,,au_5-8 v 9-12
1-Aug,8:30 AM,5-8 v 9-12,LEWISVILLE ISD WESTSIDE 2,55,2nd au_M-,,3rd au_N-,,63,69,16B-055,,,au_5-8 v 9-12
1-Aug,9:30 AM,5-8 v 9-12,LEWISVILLE ISD WESTSIDE 2,57,2nd au_O-,,3rd au_P-,,67,71,16B-057,,,au_5-8 v 9-12
1-Aug,10:30 AM,5-8 v 9-12,LEWISVILLE ISD WESTSIDE 2,59,2nd au_N-,,3rd au_M-,,67,71,16B-059,,,au_5-8 v 9-12
1-Aug,11:30 AM,1-2 v 3-4,LEWISVILLE ISD WESTSIDE 2,61,1st au_N-,,1st au_O-,,80,73,16B-061,,,au_1-2 v 3-4
1-Aug,12:30 PM,5-6 v 7-8,LEWISVILLE ISD WESTSIDE 2,63,W53,,W55,,73,85,16B-063,,,au_5-6 v 7-8
1-Aug,1:30 PM,1-2 v 3-4,LEWISVILLE ISD WESTSIDE 2,65,1st au_M-,,1st au_P-,,79,75,16B-065,,,au_1-2 v 3-4
1-Aug,2:30 PM,5-6 v 7-8,LEWISVILLE ISD WESTSIDE 2,67,W57,,W59,,75,85,16B-067,,,au_5-6 v 7-8
1-Aug,3:30 PM,9-12 semi,LEWISVILLE ISD WESTSIDE 2,69,L55,,L53,,82,81,16B-069,,,au_9-12 semi
1-Aug,4:30 PM,9-12 semi,LEWISVILLE ISD WESTSIDE 2,71,L59,,L57,,82,81,16B-071,,,au_9-12 semi
1-Aug,5:30 PM,qtr final,LEWISVILLE ISD WESTSIDE 2,73,L61,,W63,,79,86,16B-073,,,au_qtr final
1-Aug,6:30 PM,qtr final,LEWISVILLE ISD WESTSIDE 2,75,L65,,W67,,80,86,16B-075,,,au_qtr final
,,,,,,,,,,,,,,
Day 4,,,,,,,,,,,,,,
"Sun, August 2",,,,,,,,,,,,,,
,,,LEWISVILLE ISD WESTSIDE 1,,,,,,,,,,,
Date,Time,Type,Location,Gm #,White,S,Dark,S,W to #,L to #,GMID,,,
2-Aug,7:30 AM,semi,LEWISVILLE ISD WESTSIDE 1,79,W65,,W73,,92,91,16B-079,,,au_semi
2-Aug,8:30 AM,semi,LEWISVILLE ISD WESTSIDE 1,80,W61,,W75,,92,91,16B-080,,,au_semi
2-Aug,9:30 AM,5th,LEWISVILLE ISD WESTSIDE 1,86,L73,,L75,,au_5th,au_6th,16B-086,,,au_5th
2-Aug,10:30 AM,7th,LEWISVILLE ISD WESTSIDE 1,85,L63,,L67,,au_7th,au_8th,16B-085,,,au_7th
2-Aug,11:30 AM,3rd,LEWISVILLE ISD WESTSIDE 1,91,L79,,L80,,au_3rd,au_4th,16B-091,,,au_3rd
2-Aug,12:30 PM,1st,LEWISVILLE ISD WESTSIDE 1,92,W79,,W80,,au_1st,au_2nd,16B-092,,,au_1st
,,,,,,,,,,,,,,
,,,LEWISVILLE ISD WESTSIDE 2,,,,,,,,,,,
Date,Time,Type,Location,Gm #,White,S,Dark,S,W to #,L to #,GMID,,,
2-Aug,7:30 AM,11th,LEWISVILLE ISD WESTSIDE 2,81,L69,,L71,,au_11th,au_12th,16B-081,,,au_11th
2-Aug,8:30 AM,9th,LEWISVILLE ISD WESTSIDE 2,82,W69,,W71,,au_9th,au_10th,16B-082,,,au_9th
2-Aug,9:30 AM,11-13 RR,LEWISVILLE ISD WESTSIDE 2,80A,pt_R3(L52),,pt_R2(L72),,,,16B-80A,,,pt_11-13 RR
2-Aug,10:30 AM,5th,LEWISVILLE ISD WESTSIDE 2,87,L74,,L76,,pt_5th,pt_6th,16B-087,,,pt_5th
2-Aug,11:30 AM,7th,LEWISVILLE ISD WESTSIDE 2,88,L64,,L68,,pt_7th,pt_8th,16B-088,,,pt_7th
2-Aug,12:30 PM,9th,LEWISVILLE ISD WESTSIDE 2,83,W70,,W72,,pt_9th,pt_10th,16B-083,,,pt_9th
2-Aug,1:30 PM,11-13 RR,LEWISVILLE ISD WESTSIDE 2,84,pt_R1(L70),,pt_R2(L72),,,,16B-084,,,pt_11-13 RR
,,,,,,,,,,,,,,
,,,GARLAND ISD 2,,,,,,,,,,,
Date,Time,Type,Location,Gm #,White,S,Dark,S,W to #,L to #,GMID,,,
2-Aug,7:30 AM,semi,GARLAND ISD 2,78,W62,,W76,,90,89,16B-078,,,pt_semi
,,,,,,,,,,,,,,
2-Aug,1:30 PM,3rd,GARLAND ISD 2,89,L77,,L78,,pt_3rd,pt_4th,16B-089,,,pt_3rd
,,,,,,,,,,,,,,
,,,GARLAND ISD 1,,,,,,,,,,,
Date,Time,Type,Location,Gm #,White,S,Dark,S,W to #,L to #,GMID,,,
2-Aug,7:30 AM,semi,GARLAND ISD 1,77,W74,,W66,,90,89,16B-077,,,pt_semi
,,,,,,,,,,,,,,
2-Aug,1:30 PM,1st,GARLAND ISD 1,90,W77,,W78,,pt_1st,pt_2nd,16B-090,,,pt_1st
,,,,,,,,,,,,,,
pt_Place,,au_Place,,,,,,,,,,,,
1st,W90,1st,W92,,,,,,,,,,,
2nd,L90,2nd,L92,,,,,,,,,,,
3rd,W89,3rd,W91,,,,,,,,,,,
4th,L89,4th,L91,,,,,,,,,,,
5th,W87,5th,W86,,,,,,,,,,,
6th,L87,6th,L86,,,,,,,,,,,
7th,W88,7th,W85,,,,,,,,,,,
8th,L88,8th,L85,,,,,,,,,,,
9th,W83,9th,W82,,,,,,,,,,,
10th,L83,10th,L82,,,,,,,,,,,
11th,,11th,W81,,,,,,,,,,,
12th,,12th,L81,,,,,,,,,,,
13th,,,,,,,,,,,,,,