14u Division 3,,,,,,,,,,,,,,,,,,,,,,,,
,,,,,,,,,,,,,,,A,B,C,D,,,,,,
,,FRIDAY MAY 1 @ VALHALLA HS,,,,,,FRIDAY MAY 1 @ MEMORIAL POOL,,,,,,,Loyola,NSD Stars,SET,Norcal Aquatics B,,,,,,
,,,,White,Dark,Score,Score,,,White,Dark,Score,Score,,NGen,Crown City,CDM White,LACUWP,,,,,,
,,4:30 PM,1,B2 - Crown City,B3 - Stanford White,4,22,7:30 PM,6,A2 - NGen,A3 - San Clemente Black,6,16,,San Clemente Black,Stanford White,ECA B,Santa Barbara,,,,,,
,,5:15 PM,2,B1 - NSD Stars,B4 - Rose Bowl Black,17,4,8:15 PM,7,A1 - Loyola,A4 - Valley United,16,5,,Valley United,Rose Bowl Black,Sharks,Trilogy,,,,,,
,,6:00 PM,3,C2 - CDM White,C3 - ECA B,10,3,FRIDAY MAY 1 @ SANTANA HS,,,,,,,,,,,,,,,,
,,6:45 PM,4,D2 - LACUWP,D3 - Santa Barbara,12,4,,,,,,,,E,F,G,H,,,,,,
,,7:30 PM,,14U Girls A,14U Girls A,,,,,White,Dark,Score,Score,,San Clemente Black,NSD Stars,CDM White,LACUWP,,,,,,
,,8:15 PM,5,D1 - Norcal Aquatics B,D4 - Trilogy,16,3,7:30 PM,8,C1 - SET,C4 - Sharks,3,12,,Sharks,Norcal Aquatics B,Loyola,Stanford White,,,,,,
,,"West Hills - 8756 Mast Blvd, Santee, CA 92071",,,,,,"Santana - 9915 Magnolia Ave, Santee, CA 92071",,,,,,,,,,,,,,,,
,,SATURDAY MAY 2 @ WEST HILLS HS,,,,,,SATURDAY MAY 2 @ SANTANA HS,,,,,,,I,J,K,L,,,,,,
,,,,,,,,,,,,,,,Valley United,Rose Bowl Black,ECA B,Santa Barbara,,,,,,
,,,,White,Dark,Score,Score,,,White,Dark,Score,Score,,SET,Trilogy,NGen,Crown City,,,,,,
,,8:00 AM,9,C4 - Sharks,C2 - CDM White,4,8,8:00 AM,,12UG AA,12UG AA,,,,,,,,,,,,,
,,8:45 AM,10,A1 - Loyola,A3 - San Clemente Black,5,9,8:45 AM,,12UG AA,12UG AA,,,,,,,,,,,,,
,,9:30 AM,11,B1 - NSD Stars,B3 - Stanford White,9,6,9:30 AM,,12UG AA,12UG AA,,,,,,,,,,,,,
,,10:15 AM,12,D1 - Norcal Aquatics B,D2 - LACUWP,3,5,10:15 AM,,12UG AA,12UG AA,,,,,,,,,,,,,
,,11:00 AM,13,A4 - Valley United,A2 - NGen,18,8,11:00 AM,,12UG AA,12UG AA,,,,,,,,,,,,,
,,11:45 AM,14,C1 - SET,C3 - ECA B,3,4,11:45 AM,,BREAK,BREAK,,,,,,,,,,,,,
,,12:30 PM,15,B4 - Rose Bowl Black,B2 - Crown City,13,6,12:30 PM,25,E1 - San Clemente Black,E2 - Sharks,11,3,,,,,,,,,,,
,,1:15 PM,16,D4 - Trilogy,D3 - Santa Barbara,7,15,1:15 PM,26,H1 - LACUWP,H2 - Stanford White,10,2,,,,,,,,,,,
,,2:00 PM,17,I1 - Valley United,I2 - SET,14,7,2:00 PM,27,F1 - NSD Stars,F2 - Norcal Aquatics B,10,3,,,,,,,,,,,
,,2:45 PM,18,K1 - ECA B,K2 - NGen,5,9,2:45 PM,28,G1 - CDM White,G2 - Loyola,11,2,,,,,,,,,,,
,,3:30 PM,19,J1 - Rose Bowl Black,J2 - Trilogy,4,6,3:30 PM,,BREAK,BREAK,,,,,,,,,,,,,
,,4:15 PM,20,L1 - Santa Barbara,L2 - Crown City,16,2,4:15 PM,29,Sharks,Stanford White,8,7,,,,,,,,,,,
,,5:00 PM,,BREAK,BREAK,,,5:00 PM,30,Norcal Aquatics B,Loyola,11,2,,,,,,,,,,,
,,5:45 PM,21,Rose Bowl Black,ECA B,12,3,5:45 PM,31,San Clemente Black,LACUWP,3,10,semi,,,,,,,,,,
,,6:30 PM,22,Trilogy,NGen,8,11,6:30 PM,32,NSD Stars,CDM White,7,4,semi,,,,,,,,,,
,,7:15 PM,23,SET,Crown City,11,5,,,,,,,,,,,,,,,,,
,,8:00 PM,24,Valley United,Santa Barbara,9,13,,,,,,,,,,,,,,,,,
,,,,,,,,,,,,,,,,,,,,,,,,
,,SUNDAY MAY 3 @ SANTANA HS,,,,,,,,,,,,,,,,,,,,,,
,,,,,,,,,,,,,,,,,,,,,,,,
,,,,White,Dark,Score,Score,,,,,,,,,,,,,,,,,
,7th,8:00 AM,33,Stanford White,Loyola,9,4,,,,,,,,,,,,,,,,,
,5th,8:45 AM,34,Sharks,Norcal Aquatics B,2,11,,,,,,,,,,,,,,,,,
,3rd,9:30 AM,35,San Clemente Black,CDM White,8,7,,,,,,,,,,,,,,,,,
,1st,10:15 AM,36,LACUWP,NSD Stars,8,10,,,,,,,,,,,,,,,,,
,9th,11:00 AM,37,NGen,Santa Barbara,0,16,,,,,,,,,,,,,,,,,
,11th,11:45 AM,38,Trilogy,Valley United,9,13,,,,,,,,,,,,,,,,,
,13th,12:30 PM,39,Rose Bowl Black,SET,8,5,,,,,,,,,,,,,,,,,
,15th,1:15 PM,40,ECA B,Crown City,6,4,,,,,,,,,,,,,,,,,
,,,,,,,,,,,,,,,,,,,,,,,,
14u division 2,,,,,,,,,,,,,,,,,,,,,,,,
,,,,,,,,,,,,,,,,,,,,,,,,
,,,,,,,,,,,,,,,,,,, , ,A,B,C,D
,,"FRIDAY, MAY 1 @ MESA COLLEGE",,,,,,"FRIDAY, MAY 1 @ WEST HILLS HS",,,,,,"FRIDAY, MAY 1 @ TIERRASANTA COMMUNITY POOL",,,,,,,San Clem Red,Santa Cruz,Back Bay,Newport White
,,,,White,Dark,Score,Score,,,White,Dark,Score,Score,,,White,Dark,Score,Score,,Rain City,ECA A,South Coast White,Puget Sound
,,3:00 PM,1,A2 - Rain City,A3 - 908 Green,7,12,4:30 PM,9,F2 - Rose Bowl Red,F3 - La Jolla United C,17,1,3:00 PM,15,J2 - Carmel WPC,J3 - Pasadena,1,16,,908 Green,Shore Aquatics,SD Dons Gold,Titans
,,3:45 PM,2,B2 - ECA A,B3 - Shore Aquatics,13,3,5:15 PM,10,I1 - Santa Barbara,I2 - 908 Blue,10,7,3:45 PM,16,L1 - Temple City,L2 - Stanford Black,11,8,,,,,
,,4:30 PM,3,C1 - Back Bay,C2 - South Coast White,8,7,6:00 PM,11,G2 - Tsunami Black,G3 - OCWPC B,4,6,4:30 PM,17,H1 - Greenwich,H3 - North Irvine B,6,5,,E,F,G,H
,,5:15 PM,4,D1 - Newport White,D3 - Titans,21,1,6:45 PM,12,F1 - LOWPO,F2 - Rose Bowl Red,4,19,5:15 PM,18,K2 - Patriots Red,K3 - SD Dons D,12,9,,Mission B,LOWPO,Lamorinda B,Greenwich
,,6:00 PM,5,A1 - San Clem Red,A3 - 908 Green,17,4,7:30 PM,13,I1 - Santa Barbara,I3 - Big Valley,19,2,6:00 PM,19,J1 - SD Shores Gold,J3 - Pasadena,9,5,,CCWP,Rose Bowl Red,Tsunami Black,SJ Express
,,6:45 PM,6,B1 - Santa Cruz,B3 - Shore Aquatics,11,5,8:15 PM,14,G1 - Lamorinda B,G2 - Tsunami Black,13,3,6:45 PM,20,L1 - Temple City,L3 - Trilogy,10,5,,Foothill,La Jolla United C,OCWPC B,North Irvine B
,,7:30 PM,7,C2 - South Coast White,C3 - SD Dons Gold,5,14,"FRIDAY, MAY 1 @ MEMORIAL POOL",,,,,,7:30 PM,21,H2 - SJ Express,H3 - North Irvine B,5,3,,,,,
,,8:15 PM,8,D2 - Puget Sound,D3 - Titans,19,3,,,White,Dark,Score,Score,8:15 PM,22,K1 - Davis,K3 - SD Dons D,16,4,,I,J,K,L
,,"Memorial Pool 2902 Marcy Ave, San Diego, CA 92113",,,,,,3:00 PM,23,E1 - Mission B,E3 - Foothill,21,2,,,,,,,,Santa Barbara,SD Shores Gold,Davis,Temple City
,,,,,,,,3:45 PM,,12U Girls A,12U Girls A,,,,,,,,,,908 Blue,Carmel WPC,Patriots Red,Stanford Black
,,,,,,,,4:30 PM,,12U Girls A,12U Girls A,,,,,,,,,,Big Valley,Pasadena,SD Dons D,Trilogy
,,,,,,,,5:15 PM,24,E2 - CCWP,E3 - Foothill,15,1,,,,,,,,,,,
,,,,,,,,"Standley - 3605 Governor Dr, San Diego, CA 92122",,,,,,,,,,,,,M,N,O,P
,,"SATURDAY, MAY 2 @ MESA COLLEGE",,,,,,"SATURDAY, MAY 2 @ STANDLEY AQUATIC CENTER",,,,,,"SATURDAY, MAY 2 @ TIERRASANTA",,,,,,,San Clem Red,Newport White,ECA A,SD Dons Gold
,,,,,,,,,,,,,,,,,,,,,Greenwich,Mission B,Lamorinda B,Rose Bowl Red
,,,,White,Dark,Score,Score,,,White,Dark,Score,Score,,,White,Dark,Score,Score,,Santa Barbara,Temple City,SD Shores Gold,Davis
,,8:00 AM,25,A1 - San Clem Red,A2 - Rain City,17,4,8:00 AM,41,L2 - Stanford Black,L3 - Trilogy,8,5,8:00 AM,57,B1 - Santa Cruz,B2 - ECA A,6,7,,,,,
,,8:45 AM,26,I2 - 908 Blue,I3 - Big Valley,15,7,8:45 AM,42,D1 - Newport White,D2 - Puget Sound,14,9,8:45 AM,58,G1 - Lamorinda B,G3 - OCWPC B,12,2,,Q,R,S,T
,,9:30 AM,27,C1 - Back Bay,C3 - SD Dons Gold,5,8,9:30 AM,43,E1 - Mission B,E2 - CCWP,10,1,9:30 AM,59,J1 - SD Shores Gold,J2 - Carmel WPC,17,1,,908 Green,Puget Sound,Santa Cruz,Back Bay
,,10:15 AM,28,H1 - Greenwich,H2 - SJ Express,6,4,10:15 AM,44,F1 - LOWPO,F3 - La Jolla United C,10,1,10:15 AM,60,K1 - Davis,K2 - Patriots Red,8,8,,SJ Express,CCWP,OCWPC B,LOWPO
,,11:00 AM,29,U1 - Rain City,U3 - Big Valley,11,7,11:00 AM,45,V1 - Titans,V3 - Trilogy,1,17,11:00 AM,61,W1 - Shore Aquatics,W2 - Tsunami Black,8,5,,908 Blue,Stanford Black,Pasadena,Patriots Red
,,11:45 AM,30,Q1 - 908 Green,Q3 - 908 Blue,7,10,11:45 AM,46,R1 - Puget Sound,R3 - Stanford Black,7,10,11:45 AM,62,S1 - Santa Cruz,S2 - OCWPC B,8,10,,,,,
,,12:30 PM,31,M1 - San Clem Red,M3 - Santa Barbara,10,7,12:30 PM,47,N1 - Newport White,N3 - Temple City,4,13,12:30 PM,63,O1 - ECA A,O2 - Lamorinda B,8,10,,U,V,W,X
,,1:15 PM,32,T1 - Back Bay,T2 - LOWPO,10,6,1:15 PM,48,P1 - SD Dons Gold,P2 - Rose Bowl Red,13,10,1:15 PM,64,X1 - South Coast White,X3 - SD Dons D,6,9,,Rain City,Titans,Shore Aquatics,South Coast White
,,2:00 PM,33,U1 - Rain City,U2 - North Irvine B,9,16,2:00 PM,49,V1 - Titans,V2 - Foothill,10,8,2:00 PM,65,W1 - Shore Aquatics,W3 - Carmel WPC,9,7,,North Irvine B,Foothill,Tsunami Black,La Jolla United C
,,2:45 PM,34,Q2 - SJ Express,Q3 - 908 Blue,5,10,2:45 PM,50,R2 - CCWP,R3 - Stanford Black,6,12,2:45 PM,66,S1 - Santa Cruz,S3 - Pasadena,1,5,,Big Valley,Trilogy,Carmel WPC,SD Dons D
,,3:30 PM,35,M2 - Greenwich,M3 - Santa Barbara,7,13,3:30 PM,51,N1 - Newport White,N2 - Mission B,7,11,3:30 PM,67,O1 - ECA A,O3 - SD Shores Gold,11,8,,,,,
,,4:15 PM,36,T2 - LOWPO,T3 - Patriots Red,4,12,4:15 PM,52,P2 - Rose Bowl Red,P3 - Davis,9,10,4:15 PM,68,X2 - La Jolla United C,X3 - SD Dons D,2,20,,,,,
,,5:00 PM,37,U2 - North Irvine B,U3 - Big Valley,13,5,5:00 PM,53,V2 - Foothill,V3 - Trilogy,0,18,5:00 PM,69,W2 - Tsunami Black,W3 - Carmel WPC,6,2,,Y semi,Z semi,AA 5-8,BB 5-8
,,5:45 PM,38,Q1 - 908 Green,Q2 - SJ Express,2,7,5:45 PM,54,R1 - Puget Sound,R2 - CCWP,7,8,5:45 PM,70,S2 - OCWPC B,S3 - Pasadena,4,6,,San Clem Red,Lamorinda B,Santa Barbara,ECA A
,,6:30 PM,39,M1 - San Clem Red,M2 - Greenwich,12,3,6:30 PM,55,N2 - Mission B,N3 - Temple City,6,4,6:30 PM,71,O2 - Lamorinda B,O3 - SD Shores Gold,13,8,,Mission B,SD Dons Gold,Temple City,Davis
,,7:15 PM,40,T1 - Back Bay,T3 - Patriots Red,3,7,7:15 PM,56,P1 - SD Dons Gold,P3 - Davis,11,4,7:15 PM,72,X1 - South Coast White,X2 - La Jolla United C,9,3,,,,,
,,,,,,,,,,,,,,,,,,,,,CC 9-12,DD 9-12,EE 13-16,FF 13-16
,,"SUNDAY, MAY 3 @ MESA COLLEGE",,,,,,"SUNDAY, MAY 3 @ WEST HILLS HS",,,,,,"SUNDAY, MAY 3 @ TIERRASANTA",,,,,,,Greenwich,SD Shores Gold,908 Blue,Pasadena
,,,,,,,,,,,,,,,,,,,,,Newport White,Rose Bowl Red,Stanford Black,Patriots Red
,,,,White,Dark,Score,Score,,,White,Dark,Score,Score,,,White,Dark,Score,Score,,,,,
,,8:00 AM,73,CC1 - Greenwich,CC2 - Newport White,4,6,8:00 AM,81,EE1 - 908 Blue,EE2 - Stanford Black,9,7,8:00 AM,88,AA1 - Santa Barbara,AA2 - Temple City,10,7,,,,,
,,8:45 AM,74,DD1 - SD Shores Gold,DD2 - Rose Bowl Red,8,14,8:45 AM,82,FF1 - Pasadena,FF2 - Patriots Red,6,10,8:45 AM,89,BB1 - ECA A,BB2 - Davis,7,11,,,,,
,,9:30 AM,75,Rain City,Titans,13,4,9:30 AM,83,SJ Express,CCWP,7,3,9:30 AM,90,Big Valley,Foothill,9,3,,,,,
,,10:15 AM,76,Tsunami Black,South Coast White,2,6,10:15 AM,84,OCWPC B,Back Bay,2,10,10:15 AM,91,Carmel WPC,La Jolla United C,6,4,,,,,
,,11:00 AM,77,North Irvine B,Trilogy,4,14,11:00 AM,85,908 Green,Puget Sound,8,10,11:00 AM,92,Santa Cruz,LOWPO,7,6,,,,,
,,11:45 AM,78,Shore Aquatics,SD Dons D,2,17,11:45 AM,86,908 Blue,Patriots Red,8,10,11:45 AM,93,Santa Barbara,Davis,16,7,5th,,,,
,9th,12:30 PM,79,Newport White,Rose Bowl Red,8,6,12:30 PM,87,Stanford Black,Pasadena,5,2,12:30 PM,94,Temple City,ECA A,7,11,7th,,,,
,11th,1:15 PM,80,Greenwich,SD Shores Gold,11,4,,,,,,,,,,,,,,,,,
,,"SUNDAY, MAY 3 @ Southwestern College 1",,,,,,"SUNDAY, MAY 3 @ Southwestern College 2",,,,,,,,,,,,,,,,
,,,,,,,,,,,,,,,,,,,,,,,,
,,,,White,Dark,Score,Score,,,White,Dark,Score,Score,,,,,,,,,,,
,semi,8:45 AM,95,Y1 - San Clem Red,Y2 - Mission B,7,6,8:45 AM,96,Z1 - Lamorinda B,Z2 - SD Dons Gold,3,9,semi,,,,,,,,,,
,1st,1:20 PM,97,San Clem Red,SD Dons Gold,15,11,1:35 PM,98,Mission B,Lamorinda B,12,8,3rd,,,,,,,,,,
,,,,,,,,,,,,,,,,,,,,,,,,
14u division 1,,,,,,,,,,,,,,,,,,,,,,,,
,,,,,,,,,,,,,,,,,,,,,,,,
,,,,,,,,,,,,,,,,,,,,,A,B,C,D
,,"FRIDAY, MAY 1 @ SOUTH WESTERN COLLEGE 1",,,,,,"FRIDAY, MAY 1 @ SOUTH WESTERN COLLEGE 2",,,,,,"FRIDAY, MAY 1 @ SOUTHWESTERN COLLEGE 3",,,,,,,La Jolla United A,Newport,SD Dons Black,Mission
,,,,White,Dark,Score,Score,,,White,Dark,Score,Score,,,White,Dark,Score,Score,,Tsunami,South Coast,Shore Aquatics,Devil's Gate
,,3:00 PM,1,B1 - Newport,B2 - South Coast,9,4,3:00 PM,9,C2 - Shore Aquatics,C3 - Titans,12,2,3:00 PM,17,I1 - 908,I2 - CDM,9,4,,SJA,Northwest,Titans,Carlsbad
,,3:45 PM,2,K2 - North Irvine,K3 - SD Dons Red,4,2,3:45 PM,10,D1 - Mission,D2 - Devil's Gate,14,2,3:45 PM,18,F2 - OCWPC,F3 - Kingsburg Kings,17,5,,,,,
,,4:30 PM,3,G2 - SOCAL,G3 - Los Al Opal,6,5,4:30 PM,11,L2 - Commerce,L3 - La Jolla United B,10,5,4:30 PM,19,J1 - SD Shores Black,J2 - Stanford,10,9,,E,F,G,H
,,5:15 PM,4,E1 - Greenwich,E2 - ORWP,12,9,5:15 PM,12,A1 - La Jolla United A,A2 - Tsunami,18,2,5:15 PM,20,H2 - SHAQ,H3 - Foothill,9,7,,Greenwich,LA Premier,Norcal,Patriot Navy
,,6:00 PM,5,B1 - Newport,B3 - Northwest,14,2,6:00 PM,13,C1 - SD Dons Black,C3 - Titans,11,1,6:00 PM,21,I2 - CDM,I3 - CC United Blue,14,8,,ORWP,OCWPC,SOCAL,SHAQ
,,6:45 PM,6,K1 - Lamorinda,K3 - SD Dons Red,7,3,6:45 PM,14,D1 - Mission,D3 - Carlsbad,13,0,6:45 PM,22,F1 - LA Premier,F3 - Kingsburg Kings,18,13,,Sharks,Kingsburg Kings,Los Al Opal,Foothill
,,7:30 PM,7,G1 - Norcal,G3 - Los Al Opal,12,2,7:30 PM,15,L1 - CC United Black,L2 - Commerce,6,7,7:30 PM,23,J1 - SD Shores Black,J3 - CHAWP,18,2,,,,,
,,8:15 PM,8,E1 - Greenwich,E3 - Sharks,10,5,8:15 PM,16,A2 - Tsunami,A3 - SJA,14,1,8:15 PM,24,H1 - Patriot Navy,H3 - Foothill,23,10,,I,J,K,L
,,,,,,,,,,,,,,,,,,,,,908,SD Shores Black,Lamorinda,CC United Black
,,,,,,,,,,,,,,,,,,,,,CDM,Stanford,North Irvine,Commerce
,,"SATURDAY, MAY 2 @ SOUTH WESTERN COLLEGE 1",,,,,,"SATURDAY, MAY 2 @ SOUTH WESTERN COLLEGE 2",,,,,,"SATURDAY, MAY 2 @ SOUTH WESTERN COLLEGE 3",,,,,,,CC United Blue,CHAWP,SD Dons Red,La Jolla United B
,,,,,,,,,,,,,,,,,,,,,,,,
,,,,White,Dark,Score,Score,,,White,Dark,Score,Score,,,White,Dark,Score,Score,,,,,
,,8:00 AM,25,G1 - Norcal,G2 - SOCAL,15,2,8:00 AM,41,B2 - South Coast,B3 - Northwest,12,7,8:00 AM,57,L1 - CC United Black,L3 - La Jolla United B,9,4,,M,N,O,P
,,8:45 AM,26,K1 - Lamorinda,K2 - North Irvine,9,11,8:45 AM,42,F1 - LA Premier,F2 - OCWPC,8,5,8:45 AM,58,E2 - ORWP,E3 - Sharks,13,10,,La Jolla United A,Mission,Newport,SD Dons Black
,,9:30 AM,27,A1 - La Jolla United A,A3 - SJA,16,3,9:30 AM,43,H1 - Patriot Navy,H2 - SHAQ,15,3,9:30 AM,59,C1 - SD Dons Black,C2 - Shore Aquatics,8,4,,Patriot Navy,Greenwich,Norcal,LA Premier
,,10:15 AM,28,I1 - 908,I3 - CC United Blue,6,1,10:15 AM,44,J2 - Stanford,J3 - CHAWP,19,3,10:15 AM,60,D2 - Devil's Gate,D3 - Carlsbad,13,1,,908,Commerce,SD Shores Black,North Irvine
,,11:00 AM,29,O1 - Newport,O2 - Norcal,4,4,11:00 AM,45,S1 - South Coast,S2 - SOCAL,7,5,11:00 AM,61,W1 - Northwest,W2 - Los Al Opal,10,14,,,,,
,,11:45 AM,30,P2 - LA Premier,P3 - North Irvine,10,4,11:45 AM,46,T2 - OCWPC,T3 - Lamorinda,7,10,11:45 AM,62,X2 - Kingsburg Kings,X3- SD Dons Red,4,6,,Q,R,S,T
,,12:30 PM,31,N2 - Greenwich,N3 - Commerce,8,10,12:30 PM,47,R2 - ORWP,R3 - CC United Black,7,10,12:30 PM,63,V2 - Sharks,V3 - La Jolla United B,8,12,,Tsunami,Devil's Gate,South Coast,Shore Aquatics
,,1:15 PM,32,M1 - La Jolla United A,M2 - Patriot Navy,15,5,1:15 PM,48,Q1 - Tsunami,Q2 - SHAQ,6,7,1:15 PM,64,U1 - SJA,U2 - Foothill,5,6,,SHAQ,ORWP,SOCAL,OCWPC
,,2:00 PM,33,O2 - Norcal,O3 - SD Shores Black,9,1,2:00 PM,49,S2 - SOCAL,S3 - Stanford,4,10,2:00 PM,65,W2 - Los Al Opal,W3 - CHAWP,10,12,,CDM,CC United Black,Stanford,Lamorinda
,,2:45 PM,34,P1 - SD Dons Black,P3 - North Irvine,11,3,2:45 PM,50,T1 - Shore Aquatics,T3 - Lamorinda,7,5,2:45 PM,66,X1 - Titans,X3- SD Dons Red,4,13,,,,,
,,3:30 PM,35,N1 - Mission,N3 - Commerce,8,3,3:30 PM,51,R1 - Devil's Gate,R3 - CC United Black,8,7,3:30 PM,67,V1 - Carlsbad,V3 - La Jolla United B,3,11,,U,V,W,X
,,4:15 PM,36,M2 - Patriot Navy,M3 - 908,7,6,4:15 PM,52,Q2 - SHAQ,Q3 - CDM,3,8,4:15 PM,68,U2 - Foothill,U3 - CC United Blue,10,5,,SJA,Carlsbad,Northwest,Titans
,,5:00 PM,37,O1 - Newport,O3 - SD Shores Black,9,5,5:00 PM,53,S1 - South Coast,S3 - Stanford,5,7,5:00 PM,69,W1 - Northwest,W3 - CHAWP,16,15,,Foothill,Sharks,Los Al Opal,Kingsburg Kings
,,5:45 PM,38,P1 - SD Dons Black,P2 - LA Premier,6,9,5:45 PM,54,T1 - Shore Aquatics,T2 - OCWPC,6,7,5:45 PM,70,X1 - Titans,X2 - Kingsburg Kings,8,12,,CC United Blue,La Jolla United B,CHAWP,SD Dons Red
,,6:30 PM,39,N1 - Mission,N2 - Greenwich,7,4,6:30 PM,55,R1 - Devil's Gate,R2 - ORWP,2,6,6:30 PM,71,V1 - Carlsbad,V2 - Sharks,6,7,,,,,
,,7:15 PM,40,M1 - La Jolla United A,M3 - 908,9,5,7:15 PM,56,Q1 - Tsunami,Q3 - CDM,7,10,7:15 PM,72,U1 - SJA,U3 - CC United Blue,6,15,,,Norcal 1st O based on goals allowed against common oppo,,
,,,,,,,,"Coggan Family Aquatic Center - 800 Nautilus St, La Jolla",,,,,,"Standley - 3605 Governor Dr, San Diego, CA 92122",,,,,,,Y semi,Z semi,AA 5-8,BB 5-8
,,"SUNDAY, MAY 3 @ SOUTH WESTERN COLLEGE 1",,,,,,"SUNDAY, MAY 3 @ COGGAN FAMILY AQUATIC COMPLEX",,,,,,"SUNDAY, MAY 3 @ STANDLEY AQUATIC CENTER",,,,,,,La Jolla United A,Norcal,Patriot Navy,Newport
,,,,,,,,,,,,,,,,,,,,,Mission,LA Premier,Commerce,SD Dons Black
,,,,White,Dark,Score,Score,,,White,Dark,Score,Score,,,White,Dark,Score,Score,,,,,
,,11:00 AM,73,AA1 - Patriot Navy,AA2 - Commerce,9,10,8:00 AM,89,II1 - Tsunami,II2 - CC United Black,6,4,8:00 AM,81,EE1 - CDM,EE2 - ORWP,9,6,,CC 9-12,DD 9-12,EE 13-16,FF 13-16
,,11:45 AM,74,BB1 - Newport,BB2 - SD Dons Black,5,6,8:45 AM,90,JJ1 - SOCAL,JJ2 - OCWPC,6,11,8:45 AM,82,FF1 - Stanford,FF2 - Shore Aquatics,6,5,,908,SD Shores Black,CDM,Stanford
,5th,3:50 PM,77,Commerce,SD Dons Black,4,6,9:30 AM,91,KK1 - Foothill,KK2 - La Jolla United B,12,8,9:30 AM,83,GG1 - SHAQ,GG2 - Devil's Gate,12,14,,Greenwich,North Irvine,ORWP,Shore Aquatics
,7th,4:35 PM,78,Patriot Navy,Newport,5,6,10:15 AM,92,LL1 - Los Al Opal,LL2 - SD Dons Red,8,9,10:15 AM,84,HH1 - South Coast,HH2 - Lamorinda,10,9,,"ORWP 1st R based on goals allowed, 2nd and 3rd determined by head to head result",,,
,,"SUNDAY, MAY 3 @ SOUTH WESTERN COLLEGE 2",,,,,,11:00 AM,93,MM1 - CC United Blue,MM2 - Sharks,11,7,11:00 AM,85,CDM,Stanford,10,4,13th,GG 17-20,HH 17-20,II 21-24,JJ 21-24
,,,,White,Dark,Score,Score,11:45 AM,94,NN1 - CHAWP,NN2 - Kingsburg Kings,5,12,11:45 AM,86,ORWP,Shore Aquatics,9,11,15th,SHAQ,South Coast,Tsunami,SOCAL
,,11:00 AM,75,CC1 - 908,CC2 - Greenwich,6,8,12:30 PM,95,OO1 - SJA,OO2 - Carlsbad,5,6,12:30 PM,87,Devil's Gate,South Coast,5,6,17th,Devil's Gate,Lamorinda,CC United Black,OCWPC
,,11:45 AM,76,DD1 - SD Shores Black,DD2 - North Irvine,11,1,1:15 PM,96,PP1 - Northwest,PP2 - Titans,8,6,1:15 PM,88,SHAQ,Lamorinda,10,13,19th,,,,
,9th,4:05 PM,79,Greenwich,SD Shores Black,5,9,2:00 PM,97,Tsunami,OCWPC,6,10,21st,,,,,,,KK 25-28,LL 25-28,MM 29-32,NN 29-32
,11th,4:50 PM,80,908,North Irvine,8,4,2:45 PM,98,CC United Black,SOCAL,12,10,23rd,,,,,,,Foothill,Los Al Opal,CC United Blue,CHAWP
,,"SUNDAY, MAY 3 @ SOUTH WESTERN COLLEGE 1",,,,,,"SUNDAY, MAY 3 @ SOUTHWESTERN COLLEGE 2",,,,,,,,,,,,,La Jolla United B,SD Dons Red,Sharks,Kingsburg Kings
,,,,,,,,,,,,,,,,,,,,,,,,
,,,,White,Dark,Score,Score,,,White,Dark,Score,Score,,,,,,,,OO 33-36,PP 33-36,,
,semi,10:15 AM,99,Y1 - La Jolla United A,Y2 - Mission,7,6,10:15 AM,100,Z1 - Norcal,Z2 - LA Premier,5,6,semi,,,,,,,SJA,Northwest,,
,1st,3:00 PM,101,La Jolla United A,LA Premier,8,5,3:15 PM,102,Mission,Norcal,3,4,3rd,,,,,,,,,,