club_slug,club_names_seen,display_names_seen,region,ranked_team_count,groups_present,best_ranked_team,best_group,best_rank,logo_paths_seen,website_seen,issue_types,manual_decision,approved_display_name,approved_region,approved_logo_slug,notes
908,908,908,Central Coast,3,12U Boys:1; 14U Boys:1; 14U Girls:1,908,14U Girls,3,assets/logos/canonical/908.webp,,no_automated_issue,,,,,
arroyo-grande,Arroyo Grande,Arroyo Grande,Central Coast,2,12U Girls:1; 14U Girls:1,Arroyo Grande,12U Girls,14,assets/logos/canonical/arroyo-grande.webp,,no_automated_issue,,,,,
arroyogrande,Arroyo Grande,Arroyo Grande,Central Coast,1,16U Girls:1,Arroyo Grande,16U Girls,27,assets/logos/canonical/arroyogrande.webp,,official_logo_needed,,,,,
ccwp,CCWP,CCWP,Central Coast,1,14U Girls:1,CCWP,14U Girls,77,assets/logos/canonical/ccwp.webp,,official_logo_needed,,,,,
central-coast,Central Coast,Central Coast,Central Coast,1,14U Girls:1,Central Coast,14U Girls,45,assets/logos/canonical/central-coast.webp,,official_logo_needed,,,,,
ciu,CIU,Channel Islands United,Central Coast,8,12U Boys:2; 12U Girls:1; 14U Boys:1; 16U Boys:2; 16U Girls:1; 18U Boys:1,CIU A,14U Boys,6,assets/logos/canonical/ciu.webp,,no_automated_issue,,,,,
gold-coast,Gold Coast,Gold Coast,Central Coast,2,14U Boys:1; 14U Girls:1,Gold Coast,14U Girls,46,assets/logos/canonical/gold-coast.webp,,official_logo_needed,,,,,
legacy,Legacy,Legacy,Central Coast,2,16U Girls:1; 18U Girls:1,Legacy,18U Girls,11,assets/logos/canonical/legacy.webp,,no_automated_issue,,,,,
santa-barbara,Santa Barbara,Santa Barbara Water Polo Club,Central Coast,4,12U Boys:1; 14U Boys:1; 14U Girls:2,SBWPC A,14U Girls,7,assets/logos/canonical/santa-barbara.webp,https://sbwaterpolo.com/,no_automated_issue,,,,,
santa-cruz,Santa Cruz,Santa Cruz,Central Coast,5,12U Boys:1; 14U Boys:1; 14U Girls:1; 16U Boys:1; 18U Girls:1,Santa Cruz,14U Girls,10,assets/logos/canonical/santa-cruz.webp,,no_automated_issue,,,,,
sbwpc,SBWPC,SBWPC,Central Coast,8,12U Girls:2; 16U Boys:1; 16U Girls:2; 18U Girls:3,SBWPC A,16U Girls,1,assets/logos/canonical/sbwpc.webp,,no_automated_issue,,,,,
seaside,Seaside,Seaside,Central Coast,2,14U Girls:1; 18U Girls:1,Seaside,18U Girls,19,assets/logos/canonical/seaside.webp,,official_logo_needed,,,,,
big-valley,Big Valley,Big Valley,Central Valley,2,14U Girls:1; 16U Boys:1,Big Valley,14U Girls,43,assets/logos/canonical/big-valley.webp,,official_logo_needed,,,,,
bulldog,Bulldog,Bulldog,Central Valley,2,16U Girls:1; 18U Girls:1,Bulldog,18U Girls,27,assets/logos/canonical/bulldog.webp,,official_logo_needed,,,,,
clovis,Clovis,Clovis,Central Valley,3,16U Boys:1; 16U Girls:1; 18U Girls:1,Clovis,18U Girls,24,assets/logos/canonical/clovis.webp,,official_logo_needed,,,,,
clovis-red,Clovis; Clovis Red,Clovis Water Polo Club,Central Valley,3,14U Boys:1; 14U Girls:2,Clovis A,14U Girls,40,assets/logos/canonical/clovis-red.webp,https://www.cloviswpc.com/,multiple_club_names_for_slug,,,,,
cvu,CVU,CVU,Central Valley,1,14U Boys:1,CVU A,14U Boys,62,assets/logos/canonical/cvu.webp,,official_logo_needed,,,,,
kingsburg,Kingsburg,Kingsburg,Central Valley,1,14U Boys:1,Kingsburg A,14U Boys,48,assets/logos/canonical/kingsburg.webp,,official_logo_needed,,,,,
monarch-wpc,Monarch WPC,Monarch WPC,Central Valley,1,16U Boys:1,Monarch WPC,16U Boys,36,assets/logos/canonical/monarch-wpc.webp,,official_logo_needed,,,,,
praetorian,Praetorian,Praetorian,Central Valley,1,14U Girls:1,Praetorian,14U Girls,42,assets/logos/canonical/praetorian.webp,,official_logo_needed,,,,,
skip,Skip,Skip,Central Valley,1,14U Boys:1,Skip A,14U Boys,42,assets/logos/canonical/skip.webp,,no_automated_issue,,,,,
680,680,680 Water Polo,East Bay,11,12U Boys:4; 12U Girls:1; 14U Boys:3; 14U Girls:1; 16U Boys:1; 18U Girls:1,680 Red,12U Girls,6,assets/logos/canonical/680.webp,https://www.680waterpolo.com/,no_automated_issue,,,,,
alameda,Alameda,Alameda Neptunes,East Bay,2,14U Boys:1; 18U Boys:1,Alameda WPC,18U Boys,39,assets/logos/canonical/alameda.webp,https://alamedawaterpolo.org/?avia_forced_reroute=1,no_automated_issue,,,,,
berkeley-wpc,Berkeley WPC,Berkeley WPC,East Bay,1,16U Boys:1,Berkeley WPC,16U Boys,7,assets/logos/canonical/berkeley-wpc.webp,,official_logo_needed,,,,,
cc-united,CC United,CC United,East Bay,9,12U Boys:2; 14U Boys:3; 14U Girls:1; 16U Boys:2; 18U Boys:1,CC United,18U Boys,2,assets/logos/canonical/cc-united.webp,https://www.gomotionapp.com/team/wpccup/page/home,no_automated_issue,,,,,
diablo-alliance,Diablo Alliance,Diablo Alliance,East Bay,7,12U Boys:1; 12U Girls:1; 14U Boys:2; 14U Girls:1; 16U Girls:1; 18U Boys:1,Diablo Alliance A,14U Girls,6,assets/logos/canonical/diablo-alliance.webp,https://www.diablowaterpolo.com/,no_automated_issue,,,,,
lamorinda,Lamorinda,Lamorinda Water Polo,East Bay,15,12U Boys:1; 12U Girls:3; 14U Boys:3; 14U Girls:3; 16U Boys:1; 16U Girls:2; 18U Boys:1; 18U Girls:1,Lamorinda A,12U Girls,3,assets/logos/canonical/lamorinda.webp,https://www.lamorindawaterpolo.org/,no_automated_issue,,,,,
meridian,Meridian,Meridian,East Bay,1,16U Girls:1,Meridian,16U Girls,4,assets/logos/canonical/meridian.webp,,official_logo_needed,,,,,
tri-valley-tritons,Tri-Valley Tritons,Tri-Valley Tritons,East Bay,1,14U Boys:1,Tri-Valley Tritons A,14U Boys,106,assets/logos/canonical/tri-valley-tritons.webp,,official_logo_needed,,,,,
triton-gold,Triton Gold,Triton Gold,East Bay,1,14U Boys:1,Triton Gold,14U Boys,99,assets/logos/canonical/triton-gold.webp,,official_logo_needed,,,,,
yolo,Yolo,Yolo,East Bay,2,12U Boys:2,Yolo Black,12U Boys,49,assets/logos/canonical/yolo.webp,,official_logo_needed,,,,,
chawp,CHAWP; Chawp,Chawp,Inland Empire,10,12U Boys:1; 12U Girls:1; 14U Girls:1; 16U Boys:2; 16U Girls:1; 18U Boys:2; 18U Girls:2,CHAWP Blue,14U Girls,12,assets/logos/canonical/chawp.webp,,multiple_club_names_for_slug,,,,,
imperial,Imperial,Imperial,Inland Empire,3,16U Boys:1; 18U Boys:2,Imperial,16U Boys,2,assets/logos/canonical/imperial.webp,,no_automated_issue,,,,,
norco,Norco,Norco,Inland Empire,1,16U Girls:1,Norco,16U Girls,10,assets/logos/canonical/norco.webp,,no_automated_issue,,,,,
pride,Pride,Pride Water Polo,Inland Empire,3,12U Boys:1; 14U Boys:2,Pride A,14U Boys,26,assets/logos/canonical/pride.webp,https://www.pridewaterpolo.com/page/home,no_automated_issue,,,,,
rancho-tsunami,Rancho Tsunami,Rancho Tsunami; Rancho Tsunami Water Polo Club,Inland Empire,7,12U Boys:1; 12U Girls:1; 14U Boys:1; 16U Boys:1; 16U Girls:1; 18U Boys:1; 18U Girls:1,Tsunami,12U Boys,11,assets/logos/canonical/rancho-tsunami.webp,https://www.ranchotsunami.com/,multiple_display_names_for_slug,,,,,
riverside,Riverside,Riverside,Inland Empire,1,14U Boys:1,Riverside A,14U Boys,104,assets/logos/canonical/riverside.webp,,no_automated_issue,,,,,
route-66,Route 66,Route 66,Inland Empire,1,18U Boys:1,Route 66,18U Boys,34,assets/logos/canonical/route-66.webp,,official_logo_needed,,,,,
route-66-aquatics,Route 66 Aquatics,Route 66 Aquatics,Inland Empire,1,14U Boys:1,Route 66 Aquatics A,14U Boys,92,assets/logos/canonical/route-66-aquatics.webp,,official_logo_needed,,,,,
commerce,Commerce,Commerce Water Polo,Los Angeles,8,12U Boys:1; 12U Girls:1; 14U Boys:1; 14U Girls:1; 16U Boys:1; 16U Girls:1; 18U Boys:1; 18U Girls:1,Commerce,12U Girls,7,assets/logos/canonical/commerce.webp,https://www.gomotionapp.com/team/comm/page/home,no_automated_issue,,,,,
devils-gate,Devil's Gate; Devils Gate,Devils Gate,Los Angeles,2,14U Boys:1; 16U Boys:1,Devils Gate A,14U Boys,29,assets/logos/canonical/devils-gate.webp,,multiple_club_names_for_slug|official_logo_needed,,,,,
elite,Elite,Elite,Los Angeles,2,14U Girls:1; 16U Boys:1,Elite,14U Girls,49,assets/logos/canonical/elite.webp,,official_logo_needed,,,,,
la-city-united,La City United,La City United,Los Angeles,1,12U Boys:1,La City United,12U Boys,81,assets/logos/canonical/la-city-united.webp,,official_logo_needed,,,,,
la-premier,LA Premier; La Premier/Pac,LA Premier,Los Angeles,5,12U Boys:1; 12U Girls:1; 14U Boys:1; 14U Girls:1; 16U Boys:1,LA Premier A,14U Boys,5,assets/logos/canonical/la-premier.webp,,multiple_club_names_for_slug,,,,,
lawpc,LAWPC,Los Angeles Water Polo Club,Los Angeles,2,12U Boys:1; 14U Boys:1,LAWPC A,14U Boys,38,assets/logos/canonical/lawpc.webp,https://www.losangeleswaterpolo.com/,no_automated_issue,,,,,
long-beach-shore,Long Beach Shore,Long Beach Shore,Los Angeles,3,14U Girls:1; 16U Boys:1; 18U Boys:1,Long Beach Shore,14U Girls,25,assets/logos/canonical/long-beach-shore.webp,,no_automated_issue,,,,,
loyola-wpc,Loyola WPC; Loyola Wpc,Loyola WPC,Los Angeles,2,14U Boys:1; 16U Boys:1,Loyola Wpc,16U Boys,58,assets/logos/canonical/loyola-wpc.webp,,multiple_club_names_for_slug|official_logo_needed,,,,,
lv-legends,LV Legends,LV Legends,Los Angeles,1,16U Boys:1,LV Legends,16U Boys,50,assets/logos/canonical/lv-legends.webp,,official_logo_needed,,,,,
mid-valley,Mid Valley,Mid Valley,Los Angeles,3,14U Girls:1; 16U Girls:1; 18U Girls:1,Mid Valley,18U Girls,22,assets/logos/canonical/mid-valley.webp,,official_logo_needed,,,,,
orwp,ORWP,ORWP,Los Angeles,5,12U Boys:2; 14U Boys:1; 16U Boys:1; 18U Boys:1,ORWP A,16U Boys,9,assets/logos/canonical/orwp.webp,,no_automated_issue,,,,,
ovac,OVAC,OVAC,Los Angeles,3,14U Boys:1; 16U Girls:1; 18U Girls:1,OVAC A,14U Boys,8,assets/logos/canonical/ovac.webp,,no_automated_issue,,,,,
palos-verdes,Palos Verdes,Palos Verdes,Los Angeles,5,12U Girls:1; 16U Boys:2; 16U Girls:1; 18U Girls:1,Palos Verdes,18U Girls,14,assets/logos/canonical/palos-verdes.webp,,no_automated_issue,,,,,
pasadena-ac,Pasadena AC,Pasadena AC,Los Angeles,2,12U Boys:1; 14U Boys:1,PAC,12U Boys,63,assets/logos/canonical/pasadena-ac.webp,,official_logo_needed,,,,,
pv-wpc,PV; PV WPC,PV WPC,Los Angeles,4,12U Boys:1; 14U Boys:2; 14U Girls:1,PV Black,14U Girls,27,assets/logos/canonical/pv-wpc.webp,,multiple_club_names_for_slug,,,,,
rose-bowl,Rose Bowl,Rose Bowl Water Polo Club,Los Angeles,9,12U Boys:1; 12U Girls:1; 14U Boys:1; 14U Girls:1; 16U Boys:2; 16U Girls:1; 18U Boys:1; 18U Girls:1,Rose Bowl,18U Girls,8,assets/logos/canonical/rose-bowl.webp,https://rosebowlaquatics.org/water-polo,no_automated_issue,,,,,
sfv,SFV,SFV,Los Angeles,1,18U Boys:1,SFV,18U Boys,42,assets/logos/canonical/sfv.webp,,official_logo_needed,,,,,
shore-aquatics,Shore Aquatics,Shore Aquatics,Los Angeles,5,12U Boys:1; 12U Girls:1; 14U Boys:1; 14U Girls:1; 16U Boys:1,Shore Aquatics,12U Girls,11,assets/logos/canonical/shore-aquatics.webp,,no_automated_issue,,,,,
smac,Smac,Smac,Los Angeles,1,12U Boys:1,SMAC Black,12U Boys,33,assets/logos/canonical/smac.webp,,official_logo_needed,,,,,
south-bay-united,South Bay United,South Bay United,Los Angeles,1,14U Girls:1,South Bay United,14U Girls,70,assets/logos/canonical/south-bay-united.webp,,official_logo_needed,,,,,
supreme,Supreme,Supreme,Los Angeles,3,14U Boys:1; 16U Boys:1; 18U Boys:1,Supreme,18U Boys,14,assets/logos/canonical/supreme.webp,,no_automated_issue,,,,,
temple-city,Temple City,Temple City,Los Angeles,5,12U Boys:1; 12U Girls:1; 14U Boys:1; 14U Girls:1; 16U Girls:1,Temple City,12U Girls,12,assets/logos/canonical/temple-city.webp,,no_automated_issue,,,,,
titans,Titans,Titans,Los Angeles,2,14U Boys:1; 16U Boys:1,Titans A,14U Boys,59,assets/logos/canonical/titans.webp,,no_automated_issue,,,,,
trojan,Trojan,Trojan,Los Angeles,8,12U Boys:2; 14U Boys:1; 16U Boys:3; 18U Boys:2,Trojan,16U Boys,8,assets/logos/canonical/trojan.webp,,no_automated_issue,,,,,
tsm,TSM,TSM,Los Angeles,1,18U Boys:1,TSM,18U Boys,18,assets/logos/canonical/tsm.webp,,official_logo_needed,,,,,
viking,Viking,Viking,Los Angeles,5,14U Girls:1; 16U Girls:2; 18U Girls:2,LB Viking Blue,18U Girls,9,assets/logos/canonical/viking.webp,,no_automated_issue,,,,,
whittier,Whittier,Whittier,Los Angeles,2,12U Boys:1; 12U Girls:1,Whittier,12U Girls,37,assets/logos/canonical/whittier.webp,,official_logo_needed,,,,,
yeti,Yeti,Yeti,Los Angeles,1,18U Boys:1,Yeti,18U Boys,45,assets/logos/canonical/yeti.webp,,official_logo_needed,,,,,
aetos,Aetos,Aetos,Orange County,2,16U Boys:1; 18U Boys:1,Aetos,18U Boys,9,assets/logos/canonical/aetos.webp,,no_automated_issue,,,,,
back-bay,Back Bay,Back Bay,Orange County,6,12U Boys:1; 12U Girls:2; 14U Boys:1; 14U Girls:1; 16U Boys:1,Back Bay Navy,12U Girls,5,assets/logos/canonical/back-bay.webp,,no_automated_issue,,,,,
boa,BOA,BOA,Orange County,2,14U Boys:1; 16U Boys:1,BOA,16U Boys,40,assets/logos/canonical/boa.webp,,official_logo_needed,,,,,
brea-olinda,Brea Olinda,Brea Olinda,Orange County,1,16U Boys:1,Brea Olinda,16U Boys,64,assets/logos/canonical/brea-olinda.webp,,official_logo_needed,,,,,
brea-olinda-gold,Brea Olinda Gold,Brea Olinda Gold,Orange County,1,14U Boys:1,Brea Olinda Gold,14U Boys,81,assets/logos/canonical/brea-olinda-gold.webp,,official_logo_needed,,,,,
cdm,CDM,CDM,Orange County,7,12U Boys:2; 14U Boys:1; 14U Girls:1; 16U Boys:1; 16U Girls:1; 18U Girls:1,CDM,18U Girls,6,assets/logos/canonical/cdm.webp,,no_automated_issue,,,,,
cmac,CMAC; Cmac,Cmac,Orange County,3,12U Boys:1; 12U Girls:1; 16U Boys:1,CMAC,12U Girls,36,assets/logos/canonical/cmac.webp,,multiple_club_names_for_slug|official_logo_needed,,,,,
foothill,Foothill,Foothill,Orange County,5,12U Girls:1; 16U Boys:1; 16U Girls:1; 18U Boys:1; 18U Girls:1,Foothill,18U Girls,10,assets/logos/canonical/foothill.webp,,no_automated_issue,,,,,
foothill-club,Foothill Club,Foothill Club Water Polo,Orange County,5,12U Boys:2; 14U Boys:1; 14U Girls:2,Foothill Red,14U Girls,23,assets/logos/canonical/foothill-club.webp,https://foothillclubwaterpolo.org/,no_automated_issue,,,,,
hieland,Hieland,Hieland,Orange County,3,14U Boys:1; 16U Boys:1; 18U Boys:1,Hieland,18U Boys,25,assets/logos/canonical/hieland.webp,,official_logo_needed,,,,,
laguna-beach,Laguna Beach,Laguna Beach,Orange County,3,12U Boys:1; 12U Girls:1; 14U Girls:1,Laguna Beach,14U Girls,17,assets/logos/canonical/laguna-beach.webp,,no_automated_issue,,,,,
los-alamitos,Los Alamitos,Los Alamitos,Orange County,6,12U Boys:2; 12U Girls:1; 14U Boys:1; 14U Girls:2,Los Alamitos,12U Boys,17,assets/logos/canonical/los-alamitos.webp,,no_automated_issue,,,,,
mission,Mission,Mission WPC,Orange County,8,12U Boys:2; 14U Boys:2; 16U Boys:1; 16U Girls:1; 18U Boys:1; 18U Girls:1,Mission A,12U Boys,1,assets/logos/canonical/mission.webp,https://missionwpc.com/home,no_automated_issue,,,,,
newport-beach,Newport Beach,Newport Beach Water Polo,Orange County,12,12U Boys:2; 12U Girls:2; 14U Boys:2; 14U Girls:2; 16U Boys:1; 16U Girls:1; 18U Boys:1; 18U Girls:1,Newport Beach A,12U Girls,1,assets/logos/canonical/newport-beach.webp,https://www.newportbeachwaterpolo.com/,no_automated_issue,,,,,
ngen,Ngen,Ngen,Orange County,1,12U Boys:1,NGen,12U Boys,85,assets/logos/canonical/ngen.webp,,official_logo_needed,,,,,
north-irvine,North Irvine,North Irvine WPC,Orange County,8,12U Boys:2; 12U Girls:1; 14U Boys:2; 14U Girls:1; 18U Boys:1; 18U Girls:1,North Irvine,18U Boys,5,assets/logos/canonical/north-irvine.webp,https://www.gomotionapp.com/team/niwpc/page/home,no_automated_issue,,,,,
ocwpc,OCWPC,Orange County Water Polo Club,Orange County,5,12U Boys:1; 12U Girls:1; 14U Boys:2; 16U Boys:1,OCWPC Blue,12U Girls,16,assets/logos/canonical/ocwpc.webp,https://ocwpc.com/,no_automated_issue,,,,,
pac-orange,PAC Orange,PAC Orange,Orange County,2,14U Girls:1; 18U Boys:1,PAC Orange,18U Boys,29,assets/logos/canonical/pac-orange.webp,,official_logo_needed,,,,,
pac-premier,PAC Premier,PAC Premier,Orange County,1,14U Girls:1,PAC Premier,14U Girls,38,assets/logos/canonical/pac-premier.webp,,official_logo_needed,,,,,
patriot,Patriot,Patriot Aquatics,Orange County,9,12U Boys:1; 14U Boys:2; 14U Girls:2; 16U Boys:2; 16U Girls:1; 18U Girls:1,Patriot Navy,14U Girls,1,assets/logos/canonical/patriot.webp,https://patriotaquatics.org/,no_automated_issue,,,,,
patriot-red,Patriot Red,Patriot Aquatics,Orange County,1,14U Boys:1,Patriot Red,14U Boys,78,assets/logos/canonical/patriot-red.webp,https://patriotaquatics.org/,no_automated_issue,,,,,
regency,Regency,Regency,Orange County,2,16U Girls:1; 18U Girls:1,Regency,18U Girls,3,assets/logos/canonical/regency.webp,,no_automated_issue,,,,,
san-clemente,San Clemente,San Clemente,Orange County,10,12U Boys:2; 12U Girls:2; 14U Boys:1; 14U Girls:2; 16U Boys:1; 16U Girls:1; 18U Girls:1,San Clemente Red,12U Girls,4,assets/logos/canonical/san-clemente.webp,,no_automated_issue,,,,,
san-clemente-red,San Clemente Red,San Clemente Red,Orange County,1,14U Boys:1,San Clemente Red,14U Boys,70,assets/logos/canonical/san-clemente-red.webp,,no_automated_issue,,,,,
sand-canyon,Sand Canyon,Sand Canyon,Orange County,7,14U Boys:1; 16U Boys:2; 18U Boys:3; 18U Girls:1,Sand Canyon Black,18U Boys,15,assets/logos/canonical/sand-canyon.webp,,no_automated_issue,,,,,
set,SET; Set,SET Water Polo Club,Orange County,4,12U Boys:1; 14U Boys:1; 14U Girls:1; 18U Boys:1,SET,18U Boys,24,assets/logos/canonical/set.webp,https://www.setwaterpolo.com/,multiple_club_names_for_slug,,,,,
socal,SOCAL; SoCal,SOCAL Water Polo,Orange County,8,12U Boys:1; 14U Boys:1; 14U Girls:1; 16U Boys:1; 16U Girls:1; 18U Boys:1; 18U Girls:2,SoCal,18U Girls,4,assets/logos/canonical/socal.webp,https://www.socalwaterpolo.org/,multiple_club_names_for_slug,,,,,
south-coast,South Coast,South Coast Aquatics,Orange County,14,12U Boys:1; 12U Girls:1; 14U Boys:3; 14U Girls:2; 16U Boys:3; 16U Girls:2; 18U Boys:1; 18U Girls:1,South Coast,16U Girls,3,assets/logos/canonical/south-coast.webp,https://www.southcoastaquatics.com/,no_automated_issue,,,,,
vanguard,Vanguard,Vanguard Aquatics,Orange County,10,12U Boys:1; 14U Boys:3; 16U Boys:4; 18U Boys:2,Vanguard,16U Boys,3,assets/logos/canonical/vanguard.webp,https://vanguardaquatics.com/,no_automated_issue,,,,,
asphalt-green,Asphalt Green,Asphalt Green,Out of State,4,14U Girls:1; 16U Boys:1; 16U Girls:1; 18U Girls:1,Asphalt Green,16U Girls,29,assets/logos/canonical/asphalt-green.webp,,official_logo_needed,,,,,
ct-premier,CT Premier,CT Premier,Out of State,2,14U Boys:1; 16U Boys:1,CT Premier,16U Boys,39,assets/logos/canonical/ct-premier.webp,,official_logo_needed,,,,,
greenwich,Greenwich,Greenwich,Out of State,5,12U Boys:2; 14U Girls:1; 16U Boys:1; 18U Boys:1,Greenwich,12U Boys,4,assets/logos/canonical/greenwich.webp,,no_automated_issue,,,,,
honolulu-blue,Honolulu Blue,Honolulu Blue,Out of State,1,14U Boys:1,Honolulu Blue,14U Boys,100,assets/logos/canonical/honolulu-blue.webp,,official_logo_needed,,,,,
honolulu-green,Honolulu Green,Honolulu Green,Out of State,1,14U Boys:1,Honolulu Green A,14U Boys,98,assets/logos/canonical/honolulu-green.webp,,official_logo_needed,,,,,
honolulu-water-polo,Honolulu Water Polo,Honolulu Water Polo,Out of State,1,14U Girls:1,Honolulu Water Polo,14U Girls,55,assets/logos/canonical/honolulu-water-polo.webp,,official_logo_needed,,,,,
innis-arden,Innis Arden,Innis Arden,Out of State,1,14U Girls:1,Innis Arden,14U Girls,56,assets/logos/canonical/innis-arden.webp,,official_logo_needed,,,,,
lowpo,LOWPO,LOWPO,Out of State,1,14U Girls:1,LOWPO,14U Girls,60,assets/logos/canonical/lowpo.webp,,official_logo_needed,,,,,
northwest,Northwest,Northwest,Out of State,2,14U Boys:1; 14U Girls:1,Northwest A,14U Boys,46,assets/logos/canonical/northwest.webp,,official_logo_needed,,,,,
olympus,Olympus,Olympus,Out of State,1,18U Boys:1,Olympus,18U Boys,35,assets/logos/canonical/olympus.webp,,no_automated_issue,,,,,
thunder,Thunder,Thunder,Out of State,3,14U Girls:1; 16U Boys:1; 18U Girls:1,Thunder,16U Boys,23,assets/logos/canonical/thunder.webp,,official_logo_needed,,,,,
vegas-renegades,Vegas Renegades,Vegas Renegades,Out of State,1,14U Boys:1,Vegas Renegades A,14U Boys,40,assets/logos/canonical/vegas-renegades.webp,,no_automated_issue,,,,,
wcac-united,Wcac United,Wcac United,Out of State,1,16U Boys:1,Wcac United,16U Boys,73,assets/logos/canonical/wcac-united.webp,,official_logo_needed,,,,,
burlingame,Burlingame,Burlingame,Peninsula / San Francisco,1,14U Boys:1,Burlingame A,14U Boys,94,assets/logos/canonical/burlingame.webp,,official_logo_needed,,,,,
farallon,Farallon,Farallon,Peninsula / San Francisco,1,12U Boys:1,Farallon,12U Boys,51,assets/logos/canonical/farallon.webp,,official_logo_needed,,,,,
mavericks,Mavericks,Mavericks,Peninsula / San Francisco,1,14U Girls:1,Mavericks,14U Girls,37,assets/logos/canonical/mavericks.webp,,official_logo_needed,,,,,
mid-pen,Mid Pen,Mid Pen,Peninsula / San Francisco,1,16U Boys:1,Mid Pen,16U Boys,60,assets/logos/canonical/mid-pen.webp,,official_logo_needed,,,,,
midpen,Midpen,Midpen,Peninsula / San Francisco,1,14U Boys:1,Midpen A,14U Boys,102,assets/logos/canonical/midpen.webp,,official_logo_needed,,,,,
norcal,NorCal,NorCal Aquatics,Peninsula / San Francisco,6,12U Boys:1; 14U Boys:3; 14U Girls:1; 18U Boys:1,NorCal A,14U Boys,1,assets/logos/canonical/norcal.webp,https://www.norcal-aquatics.com/,no_automated_issue,,,,,
pegasus,Pegasus,Pegasus,Peninsula / San Francisco,1,14U Boys:1,Pegasus A,14U Boys,37,assets/logos/canonical/pegasus.webp,,official_logo_needed,,,,,
san-francisco,San Francisco,San Francisco,Peninsula / San Francisco,2,14U Boys:1; 18U Boys:1,San Francisco,18U Boys,27,assets/logos/canonical/san-francisco.webp,,official_logo_needed,,,,,
san-jose-express,San Jose Express,San Jose Express,Peninsula / San Francisco,1,14U Girls:1,San Jose Express,14U Girls,33,assets/logos/canonical/san-jose-express.webp,,no_automated_issue,,,,,
san-jose-wpf,San Jose Wpf,San Jose Wpf,Peninsula / San Francisco,1,12U Boys:1,San Jose Wpf,12U Boys,38,assets/logos/canonical/san-jose-wpf.webp,,official_logo_needed,,,,,
san-mateo,San Mateo,San Mateo,Peninsula / San Francisco,1,12U Boys:1,San Mateo,12U Boys,30,assets/logos/canonical/san-mateo.webp,,official_logo_needed,,,,,
shaq,SHAQ,SHAQ,Peninsula / San Francisco,7,12U Boys:2; 12U Girls:1; 14U Boys:2; 14U Girls:1; 16U Boys:1,SHAQ,12U Girls,17,assets/logos/canonical/shaq.webp,,no_automated_issue,,,,,
sharks,Sharks,Sharks,Peninsula / San Francisco,3,12U Boys:1; 14U Boys:1; 14U Girls:1,Sharks,12U Boys,41,assets/logos/canonical/sharks.webp,,official_logo_needed,,,,,
sj-express,SJ Express; San Jose Express,SJ Express,Peninsula / San Francisco,5,12U Boys:1; 14U Boys:1; 16U Boys:2; 18U Boys:1,San Jose Express Blue,12U Boys,8,assets/logos/canonical/sj-express.webp,,multiple_club_names_for_slug,,,,,
sj-foundation,SJ Foundation; Sj Foundation,SJ Foundation,Peninsula / San Francisco,4,12U Boys:1; 14U Boys:2; 16U Boys:1,San Jose Foundation Black,12U Boys,34,assets/logos/canonical/sj-foundation.webp,,multiple_club_names_for_slug|official_logo_needed,,,,,
stanford,Stanford,Stanford Water Polo Club,Peninsula / San Francisco,14,12U Boys:2; 12U Girls:2; 14U Boys:3; 14U Girls:2; 16U Boys:2; 16U Girls:1; 18U Boys:1; 18U Girls:1,Stanford Red,12U Boys,2,assets/logos/canonical/stanford.webp,https://www.stanfordwaterpoloclub.com/,no_automated_issue,,,,,
american-river,American River,American River Water Polo Club,Sacramento,4,14U Boys:2; 14U Girls:1; 18U Boys:1,American River,18U Boys,36,assets/logos/canonical/american-river.webp,https://www.arwpc.com/,no_automated_issue,,,,,
cal-rep,Cal Rep,Cal Rep,Sacramento,1,16U Boys:1,Cal Republic,16U Boys,65,assets/logos/canonical/cal-rep.webp,,official_logo_needed,,,,,
davis,Davis,Davis Water Polo Club,Sacramento,5,12U Boys:1; 12U Girls:1; 14U Boys:1; 14U Girls:1; 18U Girls:1,Davis,12U Girls,19,assets/logos/canonical/davis.webp,https://www.daviswaterpolo.org/,no_automated_issue,,,,,
carlsbad,Carlsbad,Carlsbad,San Diego,2,12U Boys:1; 16U Boys:1,Carlsbad,16U Boys,16,assets/logos/canonical/carlsbad.webp,,no_automated_issue,,,,,
club-daygo,Club Daygo,Club Daygo,San Diego,1,16U Girls:1,Club Daygo,16U Girls,15,assets/logos/canonical/club-daygo.webp,,official_logo_needed,,,,,
cv-premier,CV Premier,CV Premier,San Diego,1,14U Girls:1,CV Premier,14U Girls,74,assets/logos/canonical/cv-premier.webp,,official_logo_needed,,,,,
del-mar,Del Mar,Del Mar,San Diego,2,12U Girls:1; 14U Girls:1,Del Mar Blue,12U Girls,2,assets/logos/canonical/del-mar.webp,,no_automated_issue,,,,,
la-jolla-united,LA Jolla United; La Jolla United,La Jolla United,San Diego,13,12U Boys:4; 12U Girls:1; 14U Boys:2; 14U Girls:1; 16U Boys:4; 18U Boys:1,La Jolla United A,14U Boys,3,assets/logos/canonical/la-jolla-united.webp,https://lajollaunited.com/,multiple_club_names_for_slug,,,,,
nado,Nado,Nado,San Diego,1,14U Boys:1,Nado A,14U Boys,86,assets/logos/canonical/nado.webp,,official_logo_needed,,,,,
nsd-stars,NSD Stars; Nsd Stars,Nsd Stars,San Diego,2,12U Boys:1; 16U Boys:1,NSD Stars,12U Boys,23,assets/logos/canonical/nsd-stars.webp,,multiple_club_names_for_slug|official_logo_needed,,,,,
poway-valley,Poway Valley,Poway Valley,San Diego,1,12U Boys:1,Poway Valley,12U Boys,79,assets/logos/canonical/poway-valley.webp,,official_logo_needed,,,,,
poway-valley-black,Poway Valley Black,Poway Valley Black,San Diego,1,14U Boys:1,Poway Valley Black,14U Boys,63,assets/logos/canonical/poway-valley-black.webp,,official_logo_needed,,,,,
rogue-619,Rogue 619,Rogue 619,San Diego,1,14U Girls:1,Rogue 619,14U Girls,31,assets/logos/canonical/rogue-619.webp,,official_logo_needed,,,,,
san-diego-shores,San Diego Shores,San Diego Shores,San Diego,7,12U Girls:1; 14U Boys:1; 16U Boys:2; 16U Girls:1; 18U Boys:1; 18U Girls:1,San Diego Shores,16U Boys,4,assets/logos/canonical/san-diego-shores.webp,,no_automated_issue,,,,,
sd-dons,SD Dons; San Diego Dons,San Diego Dons,San Diego,8,12U Boys:4; 14U Boys:2; 14U Girls:1; 16U Boys:1,SD Dons A,12U Boys,3,assets/logos/canonical/sd-dons.webp,https://sddonspolo.com/,multiple_club_names_for_slug,,,,,
sd-eca,ECA; SD ECA,SD ECA,San Diego,4,12U Boys:1; 14U Boys:1; 14U Girls:1; 16U Boys:1,ECA,12U Boys,39,assets/logos/canonical/sd-eca.webp,,multiple_club_names_for_slug|official_logo_needed,,,,,
sd-shores,San Diego Shores,San Diego Shores,San Diego,4,12U Boys:1; 14U Girls:3,San Diego Shores Black,14U Girls,5,assets/logos/canonical/sd-shores.webp,,no_automated_issue,,,,,
trilogy,Trilogy,Trilogy,San Diego,4,12U Boys:1; 14U Boys:1; 14U Girls:1; 16U Boys:1,Trilogy,12U Boys,43,assets/logos/canonical/trilogy.webp,,official_logo_needed,,,,,
