group,team,slug,club,old_rank,new_rank,movement,old_cpi,new_cpi,cpi_change,latest_tournament,latest_record,field_size,quiksilver_weight,movement_cap_note,flags
12U Boys,SD Dons A,sd-dons-a-12u-boys,SD Dons,4,3,1,1899.2,1974.7,75.5,Quiksilver Cup,2 of 16,16,0.38,winner/finalist +0 to +3; 3rd/4th +2 to +4; no-play penalty 0,quiksilver_cup_2026_evidence_added|quiksilver_cup_2026_lightweight_adjustment
12U Boys,Greenwich,greenwich,Greenwich,3,4,-1,1974.7,1899.2,-75.5,San Diego County Cup,6-0,16,0.38,winner/finalist +0 to +3; 3rd/4th +2 to +4; no-play penalty 0,manual_priority_out_of_region_elite_result|quiksilver_cup_2026_evidence_added|quiksilver_cup_2026_lightweight_adjustment
12U Boys,North Irvine Black,north-irvine-black,North Irvine,8,7,1,1856.5,1865.8,9.3,Quiksilver Cup,7 of 16,16,0.38,winner/finalist +0 to +3; 3rd/4th +2 to +4; no-play penalty 0,manual_review_adjusted_below_head_to_head_greenwich|quiksilver_cup_2026_evidence_added|quiksilver_cup_2026_lightweight_adjustment
12U Boys,San Jose Express Blue,san-jose-express-blue,SJ Express,7,8,-1,1865.8,1856.5,-9.3,Futures Super Finals,4-2,16,0.38,winner/finalist +0 to +3; 3rd/4th +2 to +4; no-play penalty 0,manual_review_adjusted_below_head_to_head_greenwich|quiksilver_cup_2026_evidence_added|quiksilver_cup_2026_lightweight_adjustment
12U Boys,CDM,cdm,CDM,14,10,4,1735.5,1764.0,28.5,Quiksilver Cup,3 of 16,16,0.38,winner/finalist +0 to +3; 3rd/4th +2 to +4; no-play penalty 0,manual_review_same_team_alias_merge|quiksilver_cup_2026_evidence_added|quiksilver_cup_2026_lightweight_adjustment
12U Boys,Rose Bowl,rose-bowl-12u-boys,Rose Bowl,10,12,-2,1764.0,1746.3,-17.7,Quiksilver Cup,10 of 16,16,0.38,winner/finalist +0 to +3; 3rd/4th +2 to +4; no-play penalty 0,quiksilver_cup_2026_evidence_added|quiksilver_cup_2026_lightweight_adjustment
12U Boys,SoCal,socal-12u-boys,SOCAL,12,13,-1,1746.3,1736.4,-9.9,Quiksilver Cup,11 of 16,16,0.38,winner/finalist +0 to +3; 3rd/4th +2 to +4; no-play penalty 0,quiksilver_cup_2026_evidence_added|quiksilver_cup_2026_lightweight_adjustment
12U Boys,Temple City,temple-city,Temple City,13,14,-1,1736.4,1735.5,-0.9,Futures Super Finals,2-3,16,0.38,winner/finalist +0 to +3; 3rd/4th +2 to +4; no-play penalty 0,quiksilver_cup_2026_evidence_added|quiksilver_cup_2026_lightweight_adjustment
12U Boys,La Jolla United,la-jolla-united,La Jolla United,17,16,1,1715.5,1717.6,2.1,Quiksilver Cup,9 of 16,16,0.38,winner/finalist +0 to +3; 3rd/4th +2 to +4; no-play penalty 0,quiksilver_cup_2026_evidence_added|quiksilver_cup_2026_lightweight_adjustment
12U Boys,Los Alamitos,los-alamitos,Los Alamitos,16,17,-1,1717.6,1715.5,-2.1,Futures Super Finals,4-2,16,0.38,winner/finalist +0 to +3; 3rd/4th +2 to +4; no-play penalty 0,quiksilver_cup_2026_evidence_added|quiksilver_cup_2026_lightweight_adjustment
14U Boys,NorCal A,norcal-a,NorCal,2,1,1,2076.3,2161.0,84.7,Quiksilver Cup,1 of 16,16,0.38,top finishers +2 to +6; poor finish max -2 to -4 unless identity confirmed,quiksilver_cup_2026_evidence_added|quiksilver_cup_2026_lightweight_adjustment
14U Boys,Mission A,mission-a,Mission,3,2,1,2068.0,2076.3,8.3,Quiksilver Cup,3 of 16,16,0.38,top finishers +2 to +6; poor finish max -2 to -4 unless identity confirmed,quiksilver_cup_2026_evidence_added|quiksilver_cup_2026_lightweight_adjustment
14U Boys,La Jolla United A,la-jolla-united-a,La Jolla United,1,3,-2,2161.0,2068.0,-93.0,Quiksilver Cup,15 of 16,16,0.38,top finishers +2 to +6; poor finish max -2 to -4 unless identity confirmed,quiksilver_cup_2026_evidence_added|quiksilver_cup_2026_lightweight_adjustment
14U Boys,Newport Beach A,newport-beach-a,Newport Beach,7,4,3,2000.9,2037.7,36.8,Quiksilver Cup,2 of 16,16,0.38,top finishers +2 to +6; poor finish max -2 to -4 unless identity confirmed,quiksilver_cup_2026_evidence_added|quiksilver_cup_2026_lightweight_adjustment
14U Boys,LA Premier A,la-premier-a,LA Premier,4,5,-1,2037.7,2011.0,-26.7,Quiksilver Cup,4 of 16,16,0.38,top finishers +2 to +6; poor finish max -2 to -4 unless identity confirmed,quiksilver_cup_2026_evidence_added|quiksilver_cup_2026_lightweight_adjustment
14U Boys,CIU A,ciu-a,CIU,8,6,2,1992.6,2006.1,13.5,Quiksilver Cup,5 of 16,16,0.38,top finishers +2 to +6; poor finish max -2 to -4 unless identity confirmed,quiksilver_cup_2026_evidence_added|quiksilver_cup_2026_lightweight_adjustment
14U Boys,SD Dons A,sd-dons-a,SD Dons,5,7,-2,2011.0,2000.9,-10.1,Quiksilver Cup,14 of 16,16,0.38,top finishers +2 to +6; poor finish max -2 to -4 unless identity confirmed,quiksilver_cup_2026_evidence_added|quiksilver_cup_2026_lightweight_adjustment
14U Boys,OVAC A,ovac-a,OVAC,6,8,-2,2006.1,1992.6,-13.5,Futures Super Finals,3-3,16,0.38,top finishers +2 to +6; poor finish max -2 to -4 unless identity confirmed,quiksilver_cup_2026_evidence_added|quiksilver_cup_2026_lightweight_adjustment
14U Boys,San Diego Shores A,san-diego-shores-a,San Diego Shores,12,11,1,1949.3,1953.0,3.7,Quiksilver Cup,9 of 16,16,0.38,top finishers +2 to +6; poor finish max -2 to -4 unless identity confirmed,quiksilver_cup_2026_evidence_added|quiksilver_cup_2026_lightweight_adjustment
14U Boys,Commerce A,commerce-a,Commerce,11,12,-1,1953.0,1949.3,-3.7,Quiksilver Cup,10 of 16,16,0.38,top finishers +2 to +6; poor finish max -2 to -4 unless identity confirmed,quiksilver_cup_2026_evidence_added|quiksilver_cup_2026_lightweight_adjustment
14U Boys,Lamorinda A,lamorinda-a,Lamorinda,16,15,1,1920.2,1933.1,12.9,Quiksilver Cup,12 of 16,16,0.38,top finishers +2 to +6; poor finish max -2 to -4 unless identity confirmed,quiksilver_cup_2026_evidence_added|quiksilver_cup_2026_lightweight_adjustment
14U Boys,South Coast A,south-coast-a,South Coast,17,16,1,1914.2,1920.2,6.0,Futures Super Finals,3-2,16,0.38,top finishers +2 to +6; poor finish max -2 to -4 unless identity confirmed,quiksilver_cup_2026_evidence_added|quiksilver_cup_2026_lightweight_adjustment
14U Boys,Shore Aquatics A,shore-aquatics-a,Shore Aquatics,18,17,1,1906.6,1914.2,7.6,Futures Super Finals,4-1,16,0.38,top finishers +2 to +6; poor finish max -2 to -4 unless identity confirmed,d2_team_upper_band_review|quiksilver_cup_2026_evidence_added|quiksilver_cup_2026_lightweight_adjustment
14U Boys,Rancho Tsunami A,rancho-tsunami-a,Rancho Tsunami,15,18,-3,1933.1,1906.6,-26.5,Quiksilver Cup,16 of 16,16,0.38,top finishers +2 to +6; poor finish max -2 to -4 unless identity confirmed,d2_team_upper_band_review|quiksilver_cup_2026_evidence_added|quiksilver_cup_2026_lightweight_adjustment
14U Boys,North Irvine A,north-irvine-a,North Irvine,24,20,4,1878.0,1894.0,16.0,Quiksilver Cup,6 of 16,16,0.38,top finishers +2 to +6; poor finish max -2 to -4 unless identity confirmed,quiksilver_cup_2026_evidence_added|quiksilver_cup_2026_lightweight_adjustment
14U Boys,CDM A,cdm-a,CDM,20,21,-1,1894.0,1886.9,-7.1,Quiksilver Cup,13 of 16,16,0.38,top finishers +2 to +6; poor finish max -2 to -4 unless identity confirmed,quiksilver_cup_2026_evidence_added|quiksilver_cup_2026_lightweight_adjustment
14U Boys,Mission B,mission-b,Mission,21,22,-1,1886.9,1886.3,-0.6,Futures Super Finals,4-1,16,0.38,top finishers +2 to +6; poor finish max -2 to -4 unless identity confirmed,depth_team_top_50_review|depth_team_top_25_review|quiksilver_cup_2026_evidence_added|quiksilver_cup_2026_lightweight_adjustment
14U Boys,Diablo Alliance A,diablo-alliance-a,Diablo Alliance,22,23,-1,1886.3,1881.7,-4.6,Futures Super Finals,2-3,16,0.38,top finishers +2 to +6; poor finish max -2 to -4 unless identity confirmed,quiksilver_cup_2026_evidence_added|quiksilver_cup_2026_lightweight_adjustment
14U Boys,San Clemente A,san-clemente-a,San Clemente,23,24,-1,1881.7,1878.0,-3.7,Futures Super Finals,3-2,16,0.38,top finishers +2 to +6; poor finish max -2 to -4 unless identity confirmed,quiksilver_cup_2026_evidence_added|quiksilver_cup_2026_lightweight_adjustment
14U Girls,Stanford A,stanford-a-14u-girls,Stanford,3,2,1,2128.8,2139.5,10.7,Futures Super Finals,3-3,5,0.22,"small-field cap; winner +4, runner-up +2, top-team poor finish max -2",futures_usclub_crossover|quiksilver_cup_2026_evidence_added|quiksilver_cup_2026_lightweight_adjustment|quiksilver_small_field_cap
14U Girls,908,908-14u-girls,908,2,3,-1,2139.5,2128.8,-10.7,Quiksilver Cup,4 of 5,5,0.22,"small-field cap; winner +4, runner-up +2, top-team poor finish max -2",futures_usclub_crossover|quiksilver_cup_2026_evidence_added|quiksilver_cup_2026_lightweight_adjustment|quiksilver_small_field_cap
14U Girls,Arroyo Grande,arroyo-grande-14u-girls,Arroyo Grande,22,18,4,1969.1,2000.6,31.5,Quiksilver Cup,1 of 5,5,0.22,"small-field cap; winner +4, runner-up +2, top-team poor finish max -2",quiksilver_cup_2026_evidence_added|quiksilver_cup_2026_lightweight_adjustment|quiksilver_small_field_cap
14U Girls,Davis,davis-14u-girls,Davis,18,19,-1,2000.6,1992.7,-7.9,US Club Championships,2-4,5,0.22,"small-field cap; winner +4, runner-up +2, top-team poor finish max -2",quiksilver_cup_2026_evidence_added|quiksilver_cup_2026_lightweight_adjustment|quiksilver_small_field_cap
14U Girls,South Coast Red,south-coast-red-14u-girls,South Coast,19,20,-1,1992.7,1984.8,-7.9,CCA JO Qualifier,3-2,5,0.22,"small-field cap; winner +4, runner-up +2, top-team poor finish max -2",manual_review_14u_girls_same_team_alias_merge|quiksilver_cup_2026_evidence_added|quiksilver_cup_2026_lightweight_adjustment|quiksilver_small_field_cap
14U Girls,San Diego Shores Gold,san-diego-shores-gold-14u-girls,San Diego Shores,20,21,-1,1984.8,1976.9,-7.9,US Club Championships,3-3,5,0.22,"small-field cap; winner +4, runner-up +2, top-team poor finish max -2",team_depth_guardrail|manual_review_14u_girls_same_team_alias_merge|manual_review_14u_girls_depth_guardrail|quiksilver_cup_2026_evidence_added|quiksilver_cup_2026_lightweight_adjustment|quiksilver_small_field_cap
14U Girls,Rose Bowl,rose-bowl-14u-girls,Rose Bowl,21,22,-1,1976.9,1969.1,-7.8,Futures Super Finals,4-1,5,0.22,"small-field cap; winner +4, runner-up +2, top-team poor finish max -2",futures_usclub_crossover|quiksilver_cup_2026_evidence_added|quiksilver_cup_2026_lightweight_adjustment|quiksilver_small_field_cap
14U Girls,Foothill Red,foothill-red-14u-girls,Foothill Club,24,23,1,1953.5,1961.3,7.8,Quiksilver Cup,3 of 5,5,0.22,"small-field cap; winner +4, runner-up +2, top-team poor finish max -2",quiksilver_cup_2026_evidence_added|quiksilver_cup_2026_lightweight_adjustment|quiksilver_small_field_cap
14U Girls,San Clemente Black,san-clemente-black-14u-girls,San Clemente,23,24,-1,1961.3,1953.5,-7.8,SOPAC JO Qualifier,4-1,5,0.22,"small-field cap; winner +4, runner-up +2, top-team poor finish max -2",team_depth_guardrail|manual_review_14u_girls_same_team_alias_merge|manual_review_14u_girls_depth_guardrail|quiksilver_cup_2026_evidence_added|quiksilver_cup_2026_lightweight_adjustment|quiksilver_small_field_cap
14U Girls,Long Beach Shore,long-beach-shore-14u-girls,Long Beach Shore,27,25,2,1930.2,1945.7,15.5,Quiksilver Cup,2 of 5,5,0.22,"small-field cap; winner +4, runner-up +2, top-team poor finish max -2",quiksilver_cup_2026_evidence_added|quiksilver_cup_2026_lightweight_adjustment|quiksilver_small_field_cap
14U Girls,Viking,viking-14u-girls,Viking,25,26,-1,1945.7,1937.9,-7.8,CCA JO Qualifier,3-3-1,5,0.22,"small-field cap; winner +4, runner-up +2, top-team poor finish max -2",manual_review_14u_girls_same_team_alias_merge|quiksilver_cup_2026_evidence_added|quiksilver_cup_2026_lightweight_adjustment|quiksilver_small_field_cap
14U Girls,PV Black,pv-black-14u-girls,PV,26,27,-1,1937.9,1930.2,-7.7,CCA JO Qualifier,3-2-1,5,0.22,"small-field cap; winner +4, runner-up +2, top-team poor finish max -2",manual_review_14u_girls_same_team_alias_merge|quiksilver_cup_2026_evidence_added|quiksilver_cup_2026_lightweight_adjustment|quiksilver_small_field_cap
16U Boys,Patriot,patriot-16u-boys,Patriot,2,1,1,2015.6,2150.0,134.4,Futures Super Finals,2-1,18,0.4,"large-field secondary signal; winner +10 max from low base, finalists +5 to +7",quiksilver_cup_2026_evidence_added|quiksilver_cup_2026_lightweight_adjustment
16U Boys,Imperial,imperial-16u-boys,Imperial,1,2,-1,2150.0,2015.6,-134.4,Quiksilver Cup,8 of 18,18,0.4,"large-field secondary signal; winner +10 max from low base, finalists +5 to +7",quiksilver_cup_2026_evidence_added|quiksilver_cup_2026_lightweight_adjustment
16U Boys,Vanguard,vanguard-16u-boys,Vanguard,9,3,6,1914.6,2009.9,95.3,Quiksilver Cup,3 of 18,18,0.4,"large-field secondary signal; winner +10 max from low base, finalists +5 to +7",manual_review_low_game_count|quiksilver_cup_2026_evidence_added|quiksilver_cup_2026_lightweight_adjustment
16U Boys,San Diego Shores,san-diego-shores-16u-boys,San Diego Shores,10,4,6,1884.3,1985.2,100.9,Quiksilver Cup,2 of 18,18,0.4,"large-field secondary signal; winner +10 max from low base, finalists +5 to +7",manual_review_low_game_count|quiksilver_cup_2026_evidence_added|quiksilver_cup_2026_lightweight_adjustment
16U Boys,Mission,mission-16u-boys,Mission,3,5,-2,2009.9,1940.6,-69.3,Quiksilver Cup,6 of 18,18,0.4,"large-field secondary signal; winner +10 max from low base, finalists +5 to +7",quiksilver_cup_2026_evidence_added|quiksilver_cup_2026_lightweight_adjustment
16U Boys,Stanford A,stanford-a-16u-boys,Stanford,5,6,-1,1940.6,1934.7,-5.9,Futures Super Finals,2-0,18,0.4,"large-field secondary signal; winner +10 max from low base, finalists +5 to +7",quiksilver_cup_2026_evidence_added|quiksilver_cup_2026_lightweight_adjustment
16U Boys,Berkeley WPC,berkeley-wpc-16u-boys,Berkeley WPC,6,7,-1,1934.7,1926.9,-7.8,Quiksilver Cup,5 of 18,18,0.4,"large-field secondary signal; winner +10 max from low base, finalists +5 to +7",manual_review_low_game_count|quiksilver_cup_2026_evidence_added|quiksilver_cup_2026_lightweight_adjustment
16U Boys,Trojan,trojan-16u-boys,Trojan,4,8,-4,1985.2,1918.8,-66.4,Quiksilver Cup,11 of 18,18,0.4,"large-field secondary signal; winner +10 max from low base, finalists +5 to +7",quiksilver_cup_2026_evidence_added|quiksilver_cup_2026_lightweight_adjustment
16U Boys,ORWP A,orwp-a-16u-boys,ORWP,7,9,-2,1926.9,1914.6,-12.3,CCA JO Quals,3-1,18,0.4,"large-field secondary signal; winner +10 max from low base, finalists +5 to +7",quiksilver_cup_2026_evidence_added|quiksilver_cup_2026_lightweight_adjustment
16U Boys,LA Premier,la-premier-16u-boys,LA Premier,8,10,-2,1918.8,1884.3,-34.5,Quiksilver Cup,15 of 18,18,0.4,"large-field secondary signal; winner +10 max from low base, finalists +5 to +7",manual_review_low_game_count|quiksilver_cup_2026_evidence_added|quiksilver_cup_2026_lightweight_adjustment
16U Boys,CIU Gold,ciu-gold-16u-boys,CIU,25,15,10,1754.5,1817.5,63.0,Quiksilver Cup,1 of 18,18,0.4,"large-field secondary signal; winner +10 max from low base, finalists +5 to +7",manual_review_depth_guardrail|manual_review_top25_depth_team|quiksilver_cup_2026_evidence_added|quiksilver_cup_2026_lightweight_adjustment
16U Boys,Carlsbad,carlsbad-16u-boys,Carlsbad,15,16,-1,1817.5,1811.4,-6.1,Futures Super Finals,3-2,18,0.4,"large-field secondary signal; winner +10 max from low base, finalists +5 to +7",quiksilver_cup_2026_evidence_added|quiksilver_cup_2026_lightweight_adjustment
16U Boys,Rose Bowl,rose-bowl-16u-boys,Rose Bowl,16,17,-1,1811.4,1809.2,-2.2,Quiksilver Cup,9 of 18,18,0.4,"large-field secondary signal; winner +10 max from low base, finalists +5 to +7",quiksilver_cup_2026_evidence_added|quiksilver_cup_2026_lightweight_adjustment
16U Boys,San Clemente,san-clemente-16u-boys,San Clemente,17,18,-1,1809.2,1792.7,-16.5,Futures Super Finals,3-1,18,0.4,"large-field secondary signal; winner +10 max from low base, finalists +5 to +7",quiksilver_cup_2026_evidence_added|quiksilver_cup_2026_lightweight_adjustment
16U Boys,Greenwich,greenwich-16u-boys,Greenwich,18,19,-1,1792.7,1785.9,-6.8,Futures Super Finals,3-2,18,0.4,"large-field secondary signal; winner +10 max from low base, finalists +5 to +7",manual_review_low_game_count|quiksilver_cup_2026_evidence_added|quiksilver_cup_2026_lightweight_adjustment
16U Boys,La Jolla United,la-jolla-united-16u-boys,La Jolla United,,20,0,,1785.0,0.0,Quiksilver Cup,4 of 18,18,0.4,"large-field secondary signal; winner +10 max from low base, finalists +5 to +7",quiksilver_cup_2026_evidence_added|quiksilver_cup_2026_new_team_candidate_conflict|quiksilver_cup_2026_provisional_entry|identity_review|quiksilver_cup_2026_lightweight_adjustment
16U Boys,OCWPC Blue,ocwpc-blue-16u-boys,OCWPC,19,21,-2,1785.9,1764.6,-21.3,SOPAC JO Quals,3-2,18,0.4,"large-field secondary signal; winner +10 max from low base, finalists +5 to +7",quiksilver_cup_2026_evidence_added|quiksilver_cup_2026_lightweight_adjustment
16U Boys,Aetos,aetos-16u-boys,Aetos,20,22,-2,1785.0,1756.5,-28.5,Futures Super Finals,3-1,18,0.4,"large-field secondary signal; winner +10 max from low base, finalists +5 to +7",quiksilver_cup_2026_evidence_added|quiksilver_cup_2026_lightweight_adjustment
16U Boys,Thunder,thunder-16u-boys,Thunder,21,23,-2,1764.6,1754.5,-10.1,Futures Super Finals,3-2,18,0.4,"large-field secondary signal; winner +10 max from low base, finalists +5 to +7",manual_review_low_game_count|quiksilver_cup_2026_evidence_added|quiksilver_cup_2026_lightweight_adjustment
16U Boys,Commerce,commerce-16u-boys,Commerce,22,24,-2,1756.5,1754.5,-2.0,Quiksilver Cup,17 of 18,18,0.4,"large-field secondary signal; winner +10 max from low base, finalists +5 to +7",quiksilver_cup_2026_evidence_added|quiksilver_cup_2026_lightweight_adjustment
16U Boys,Vanguard Blue,vanguard-blue-16u-boys,Vanguard,23,25,-2,1754.5,1754.5,0.0,SOPAC JO Quals,3-1,18,0.4,"large-field secondary signal; winner +10 max from low base, finalists +5 to +7",manual_review_depth_guardrail|manual_review_top25_depth_team|quiksilver_cup_2026_evidence_added|quiksilver_cup_2026_lightweight_adjustment
16U Boys,Trojan B,trojan-b-16u-boys,Trojan,24,26,-2,1754.5,1752.8,-1.7,Futures Super Finals,1-3,18,0.4,"large-field secondary signal; winner +10 max from low base, finalists +5 to +7",manual_review_depth_guardrail|manual_review_top25_depth_team|quiksilver_cup_2026_evidence_added|quiksilver_cup_2026_lightweight_adjustment
16U Boys,CDM,cdm-16u-boys,CDM,26,27,-1,1752.8,1736.3,-16.5,SOPAC JO Quals,3-2,18,0.4,"large-field secondary signal; winner +10 max from low base, finalists +5 to +7",manual_review_low_game_count|quiksilver_cup_2026_evidence_added|quiksilver_cup_2026_lightweight_adjustment
16U Boys,680 A,680-a-16u-boys,680,27,28,-1,1736.3,1727.5,-8.8,Quiksilver Cup,12 of 18,18,0.4,"large-field secondary signal; winner +10 max from low base, finalists +5 to +7",quiksilver_cup_2026_evidence_added|quiksilver_cup_2026_lightweight_adjustment
16U Boys,Palos Verdes,palos-verdes-16u-boys,Palos Verdes,28,29,-1,1727.5,1716.2,-11.3,CCA JO Quals,1-2,18,0.4,"large-field secondary signal; winner +10 max from low base, finalists +5 to +7",quiksilver_cup_2026_evidence_added|quiksilver_cup_2026_lightweight_adjustment
16U Boys,SHAQ,shaq-16u-boys,SHAQ,29,30,-1,1716.2,1713.0,-3.2,Futures Super Finals,2-2,18,0.4,"large-field secondary signal; winner +10 max from low base, finalists +5 to +7",quiksilver_cup_2026_evidence_added|quiksilver_cup_2026_lightweight_adjustment
16U Boys,Sand Canyon A,sand-canyon-a-16u-boys,Sand Canyon,30,31,-1,1713.0,1709.5,-3.5,Quiksilver Cup,10 of 18,18,0.4,"large-field secondary signal; winner +10 max from low base, finalists +5 to +7",manual_review_low_game_count|quiksilver_cup_2026_evidence_added|quiksilver_cup_2026_lightweight_adjustment
16U Boys,CC United,cc-united-16u-boys,CC United,31,32,-1,1709.5,1699.1,-10.4,Quiksilver Cup,13 of 18,18,0.4,"large-field secondary signal; winner +10 max from low base, finalists +5 to +7",quiksilver_cup_2026_evidence_added|quiksilver_cup_2026_lightweight_adjustment
16U Boys,Supreme,supreme-16u-boys,Supreme,32,33,-1,1699.1,1694.1,-5.0,Futures Super Finals,3-0,18,0.4,"large-field secondary signal; winner +10 max from low base, finalists +5 to +7",quiksilver_cup_2026_evidence_added|quiksilver_cup_2026_lightweight_adjustment
16U Boys,Asphalt Green,asphalt-green-16u-boys,Asphalt Green,33,34,-1,1694.1,1693.1,-1.0,Futures Super Finals,3-1,18,0.4,"large-field secondary signal; winner +10 max from low base, finalists +5 to +7",quiksilver_cup_2026_evidence_added|quiksilver_cup_2026_lightweight_adjustment
16U Boys,Back Bay,back-bay-16u-boys,Back Bay,34,35,-1,1693.1,1690.7,-2.4,Futures Super Finals,2-1,18,0.4,"large-field secondary signal; winner +10 max from low base, finalists +5 to +7",quiksilver_cup_2026_evidence_added|quiksilver_cup_2026_lightweight_adjustment
16U Boys,Monarch WPC,monarch-wpc-16u-boys,Monarch WPC,35,36,-1,1690.7,1690.6,-0.1,,0-0,18,0.4,"large-field secondary signal; winner +10 max from low base, finalists +5 to +7",manual_review_d2_tier_guardrail|manual_review_low_game_count|quiksilver_cup_2026_evidence_added|quiksilver_cup_2026_lightweight_adjustment
16U Boys,CMAC,cmac-16u-boys,CMAC,36,37,-1,1690.6,1689.6,-1.0,Futures Super Finals,2-2,18,0.4,"large-field secondary signal; winner +10 max from low base, finalists +5 to +7",quiksilver_cup_2026_evidence_added|quiksilver_cup_2026_lightweight_adjustment
16U Boys,SoCal,socal-16u-boys,SoCal,37,38,-1,1689.6,1665.0,-24.6,SOPAC JO Quals,2-3,18,0.4,"large-field secondary signal; winner +10 max from low base, finalists +5 to +7",quiksilver_cup_2026_evidence_added|quiksilver_cup_2026_lightweight_adjustment
16U Boys,CT Premier,ct-premier-16u-boys,CT Premier,38,39,-1,1665.0,1660.6,-4.4,Futures Super Finals,2-2,18,0.4,"large-field secondary signal; winner +10 max from low base, finalists +5 to +7",manual_review_d2_tier_guardrail|quiksilver_cup_2026_evidence_added|quiksilver_cup_2026_lightweight_adjustment
16U Boys,BOA,boa-16u-boys,BOA,39,40,-1,1660.6,1659.2,-1.4,,0-0,18,0.4,"large-field secondary signal; winner +10 max from low base, finalists +5 to +7",manual_review_d2_tier_guardrail|manual_review_low_game_count|quiksilver_cup_2026_evidence_added|quiksilver_cup_2026_lightweight_adjustment
16U Boys,Sand Canyon,sand-canyon-16u-boys,Sand Canyon,40,41,-1,1659.2,1650.1,-9.1,,0-0,18,0.4,"large-field secondary signal; winner +10 max from low base, finalists +5 to +7",quiksilver_cup_2026_evidence_added|quiksilver_cup_2026_lightweight_adjustment
16U Boys,Stanford B,stanford-b-16u-boys,Stanford,41,42,-1,1650.1,1650.1,0.0,Futures Super Finals,3-1,18,0.4,"large-field secondary signal; winner +10 max from low base, finalists +5 to +7",manual_review_depth_guardrail|manual_review_d2_tier_guardrail|quiksilver_cup_2026_evidence_added|quiksilver_cup_2026_lightweight_adjustment
16U Boys,CC United Blue,cc-united-blue-16u-boys,CC United,42,43,-1,1650.1,1648.5,-1.6,Newport Spring Invite,3-0,18,0.4,"large-field secondary signal; winner +10 max from low base, finalists +5 to +7",manual_review_depth_guardrail|manual_review_d2_tier_guardrail|quiksilver_cup_2026_evidence_added|quiksilver_cup_2026_lightweight_adjustment
16U Boys,CHAWP B,chawp-b-16u-boys,CHAWP,43,44,-1,1648.5,1648.3,-0.2,SOPAC JO Quals,2-2,18,0.4,"large-field secondary signal; winner +10 max from low base, finalists +5 to +7",manual_review_depth_guardrail|quiksilver_cup_2026_evidence_added|quiksilver_cup_2026_lightweight_adjustment
16U Boys,Trilogy,trilogy-16u-boys,Trilogy,44,45,-1,1648.3,1638.7,-9.6,Futures Super Finals,2-1,18,0.4,"large-field secondary signal; winner +10 max from low base, finalists +5 to +7",quiksilver_cup_2026_evidence_added|quiksilver_cup_2026_lightweight_adjustment
16U Boys,La Jolla United Gold,la-jolla-united-gold-16u-boys,La Jolla United,45,46,-1,1638.7,1637.4,-1.3,Quiksilver Cup,7 of 18,18,0.4,"large-field secondary signal; winner +10 max from low base, finalists +5 to +7",manual_review_depth_guardrail|manual_review_d2_tier_guardrail|quiksilver_cup_2026_evidence_added|quiksilver_alias_corrected_7_29|quiksilver_cup_2026_lightweight_adjustment
16U Boys,Foothill,foothill-16u-boys,Foothill,46,47,-1,1637.4,1630.6,-6.8,CCA JO Quals,2-2,18,0.4,"large-field secondary signal; winner +10 max from low base, finalists +5 to +7",quiksilver_cup_2026_evidence_added|quiksilver_cup_2026_lightweight_adjustment
16U Boys,SD ECA,sd-eca-16u-boys,SD ECA,47,48,-1,1630.6,1626.4,-4.2,K7 Cup,3-5,18,0.4,"large-field secondary signal; winner +10 max from low base, finalists +5 to +7",quiksilver_cup_2026_evidence_added|quiksilver_cup_2026_lightweight_adjustment
16U Boys,SD Dons,sd-dons-16u-boys,SD Dons,48,49,-1,1626.4,1611.9,-14.5,Futures Super Finals,1-2,18,0.4,"large-field secondary signal; winner +10 max from low base, finalists +5 to +7",quiksilver_cup_2026_evidence_added|quiksilver_cup_2026_lightweight_adjustment
16U Boys,LV Legends,lv-legends-16u-boys,LV Legends,49,50,-1,1611.9,1608.6,-3.3,CCA JO Quals,2-3,18,0.4,"large-field secondary signal; winner +10 max from low base, finalists +5 to +7",quiksilver_cup_2026_evidence_added|quiksilver_cup_2026_lightweight_adjustment
16U Boys,South Coast B,south-coast-b-16u-boys,South Coast,50,51,-1,1608.6,1605.5,-3.1,Futures Super Finals,1-2,18,0.4,"large-field secondary signal; winner +10 max from low base, finalists +5 to +7",manual_review_depth_guardrail|quiksilver_cup_2026_evidence_added|quiksilver_cup_2026_lightweight_adjustment
16U Boys,Sj Foundation,sj-foundation-16u-boys,Sj Foundation,51,52,-1,1605.5,1595.2,-10.3,Futures Super Finals,1-4,18,0.4,"large-field secondary signal; winner +10 max from low base, finalists +5 to +7",manual_review_low_game_count|quiksilver_cup_2026_evidence_added|quiksilver_cup_2026_lightweight_adjustment
16U Boys,Vanguard Silver,vanguard-silver-16u-boys,Vanguard,52,53,-1,1595.2,1587.6,-7.6,SOPAC JO Quals,4-1,18,0.4,"large-field secondary signal; winner +10 max from low base, finalists +5 to +7",manual_review_depth_guardrail|quiksilver_cup_2026_evidence_added|quiksilver_cup_2026_lightweight_adjustment
16U Boys,Palos Verdes B,palos-verdes-b-16u-boys,Palos Verdes,53,54,-1,1587.6,1580.4,-7.2,CCA JO Quals,1-1,18,0.4,"large-field secondary signal; winner +10 max from low base, finalists +5 to +7",manual_review_depth_guardrail|quiksilver_cup_2026_evidence_added|quiksilver_cup_2026_lightweight_adjustment
16U Boys,LA Jolla United White,la-jolla-united-white-16u-boys,LA Jolla United,54,55,-1,1580.4,1572.0,-8.4,K7 Cup,2-2,18,0.4,"large-field secondary signal; winner +10 max from low base, finalists +5 to +7",manual_review_depth_guardrail|quiksilver_cup_2026_evidence_added|quiksilver_cup_2026_lightweight_adjustment
16U Boys,Santa Cruz,santa-cruz-16u-boys,Santa Cruz,55,56,-1,1572.0,1570.9,-1.1,,0-0,18,0.4,"large-field secondary signal; winner +10 max from low base, finalists +5 to +7",quiksilver_cup_2026_evidence_added|quiksilver_cup_2026_lightweight_adjustment
16U Boys,Rose Bowl B,rose-bowl-b-16u-boys,Rose Bowl,56,57,-1,1570.9,1559.2,-11.7,CCA JO Quals,2-3,18,0.4,"large-field secondary signal; winner +10 max from low base, finalists +5 to +7",manual_review_depth_guardrail|quiksilver_cup_2026_evidence_added|quiksilver_cup_2026_lightweight_adjustment
16U Boys,Loyola Wpc,loyola-wpc-16u-boys,Loyola Wpc,57,58,-1,1559.2,1556.4,-2.8,,0-0,18,0.4,"large-field secondary signal; winner +10 max from low base, finalists +5 to +7",manual_review_d2_tier_guardrail|quiksilver_cup_2026_evidence_added|quiksilver_cup_2026_lightweight_adjustment
16U Boys,Shore Aquatics B,shore-aquatics-b-16u-boys,Shore Aquatics,58,59,-1,1556.4,1552.5,-3.9,K7 Cup,3-2,18,0.4,"large-field secondary signal; winner +10 max from low base, finalists +5 to +7",manual_review_depth_guardrail|manual_review_d2_tier_guardrail|manual_review_low_game_count|quiksilver_cup_2026_evidence_added|quiksilver_cup_2026_lightweight_adjustment
16U Boys,Mid Pen,mid-pen-16u-boys,Mid Pen,59,60,-1,1552.5,1546.8,-5.7,Futures Super Finals,1-2,18,0.4,"large-field secondary signal; winner +10 max from low base, finalists +5 to +7",manual_review_d2_tier_guardrail|quiksilver_cup_2026_evidence_added|quiksilver_cup_2026_lightweight_adjustment
16U Boys,Patriot Red,patriot-red-16u-boys,Patriot,60,61,-1,1546.8,1546.7,-0.1,Futures Super Finals,0-1,18,0.4,"large-field secondary signal; winner +10 max from low base, finalists +5 to +7",manual_review_d2_tier_guardrail|manual_review_low_game_count|quiksilver_cup_2026_evidence_added|quiksilver_cup_2026_lightweight_adjustment
16U Boys,Hieland,hieland-16u-boys,Hieland,61,62,-1,1546.7,1542.4,-4.3,SOPAC JO Quals,0-2,18,0.4,"large-field secondary signal; winner +10 max from low base, finalists +5 to +7",quiksilver_cup_2026_evidence_added|quiksilver_cup_2026_lightweight_adjustment
16U Boys,CIU Blue,ciu-blue-16u-boys,CIU,62,63,-1,1542.4,1518.9,-23.5,CCA JO Quals,1-3,18,0.4,"large-field secondary signal; winner +10 max from low base, finalists +5 to +7",manual_review_depth_guardrail|quiksilver_cup_2026_evidence_added|quiksilver_cup_2026_lightweight_adjustment
16U Boys,Brea Olinda,brea-olinda-16u-boys,Brea Olinda,63,64,-1,1518.9,1512.1,-6.8,SOPAC JO Quals,0-3,18,0.4,"large-field secondary signal; winner +10 max from low base, finalists +5 to +7",manual_review_low_game_count|quiksilver_cup_2026_evidence_added|quiksilver_cup_2026_lightweight_adjustment
16U Boys,Cal Republic,cal-republic-16u-boys,Cal Rep,64,65,-1,1512.1,1509.4,-2.7,Futures Super Finals,1-3,18,0.4,"large-field secondary signal; winner +10 max from low base, finalists +5 to +7",manual_review_d2_tier_guardrail|quiksilver_cup_2026_evidence_added|quiksilver_cup_2026_lightweight_adjustment
16U Boys,Big Valley,big-valley-16u-boys,Big Valley,65,66,-1,1509.4,1504.6,-4.8,Futures Super Finals,1-2,18,0.4,"large-field secondary signal; winner +10 max from low base, finalists +5 to +7",manual_review_d2_tier_guardrail|quiksilver_cup_2026_evidence_added|quiksilver_cup_2026_lightweight_adjustment
16U Boys,CHAWP,chawp-16u-boys,CHAWP,66,67,-1,1504.6,1500.9,-3.7,SOPAC JO Quals,0-3,18,0.4,"large-field secondary signal; winner +10 max from low base, finalists +5 to +7",manual_review_low_game_count|quiksilver_cup_2026_evidence_added|quiksilver_cup_2026_lightweight_adjustment
16U Boys,San Jose Express B,san-jose-express-b-16u-boys,San Jose Express,67,68,-1,1500.9,1495.3,-5.6,Futures Super Finals,1-3,18,0.4,"large-field secondary signal; winner +10 max from low base, finalists +5 to +7",manual_review_depth_guardrail|manual_review_d2_tier_guardrail|quiksilver_cup_2026_evidence_added|quiksilver_cup_2026_lightweight_adjustment
16U Boys,Devils Gate,devils-gate-16u-boys,Devil's Gate,68,69,-1,1495.3,1491.7,-3.6,Futures Super Finals,1-2,18,0.4,"large-field secondary signal; winner +10 max from low base, finalists +5 to +7",quiksilver_cup_2026_evidence_added|quiksilver_cup_2026_lightweight_adjustment
16U Boys,Tsunami,tsunami-16u-boys,Rancho Tsunami,69,70,-1,1491.7,1488.2,-3.5,Futures Super Finals,0-3,18,0.4,"large-field secondary signal; winner +10 max from low base, finalists +5 to +7",manual_review_d2_tier_guardrail|manual_review_low_game_count|quiksilver_cup_2026_evidence_added|quiksilver_cup_2026_lightweight_adjustment
16U Boys,Clovis,clovis-16u-boys,Clovis,70,71,-1,1488.2,1484.8,-3.4,Futures Super Finals,0-5,18,0.4,"large-field secondary signal; winner +10 max from low base, finalists +5 to +7",manual_review_low_game_count|quiksilver_cup_2026_evidence_added|quiksilver_cup_2026_lightweight_adjustment
16U Boys,San Jose Express,san-jose-express-16u-boys,San Jose Express,71,72,-1,1484.8,1480.2,-4.6,Futures Super Finals,0-4,18,0.4,"large-field secondary signal; winner +10 max from low base, finalists +5 to +7",manual_review_d2_tier_guardrail|quiksilver_cup_2026_evidence_added|quiksilver_cup_2026_lightweight_adjustment
16U Boys,Wcac United,wcac-united-16u-boys,Wcac United,72,73,-1,1480.2,1466.9,-13.3,K7 Cup,0-4,18,0.4,"large-field secondary signal; winner +10 max from low base, finalists +5 to +7",quiksilver_cup_2026_evidence_added|quiksilver_cup_2026_lightweight_adjustment
16U Boys,Elite,elite-16u-boys,Elite,73,74,-1,1466.9,1460.7,-6.2,SOPAC JO Quals,0-3,18,0.4,"large-field secondary signal; winner +10 max from low base, finalists +5 to +7",quiksilver_cup_2026_evidence_added|quiksilver_cup_2026_lightweight_adjustment
16U Boys,Titans,titans-16u-boys,Titans,74,75,-1,1460.7,1447.9,-12.8,CCA JO Quals,0-1,18,0.4,"large-field secondary signal; winner +10 max from low base, finalists +5 to +7",quiksilver_cup_2026_evidence_added|quiksilver_cup_2026_lightweight_adjustment
16U Boys,Vanguard White,vanguard-white-16u-boys,Vanguard,75,76,-1,1447.9,1428.3,-19.6,SOPAC JO Quals,0-3,18,0.4,"large-field secondary signal; winner +10 max from low base, finalists +5 to +7",manual_review_depth_guardrail|quiksilver_cup_2026_evidence_added|quiksilver_cup_2026_lightweight_adjustment
16U Boys,South Coast C,south-coast-c-16u-boys,South Coast,76,77,-1,1428.3,1394.5,-33.8,CCA JO Quals,0-2,18,0.4,"large-field secondary signal; winner +10 max from low base, finalists +5 to +7",manual_review_depth_guardrail|manual_review_low_game_count|quiksilver_cup_2026_evidence_added|quiksilver_cup_2026_lightweight_adjustment
16U Boys,LA Jolla United Silver,la-jolla-united-silver-16u-boys,LA Jolla United,77,78,-1,1394.5,1360.0,-34.5,K7 Cup,0-2,18,0.4,"large-field secondary signal; winner +10 max from low base, finalists +5 to +7",manual_review_depth_guardrail|manual_review_d2_tier_guardrail|manual_review_low_game_count|quiksilver_cup_2026_evidence_added|quiksilver_cup_2026_lightweight_adjustment
16U Boys,Trojan C,trojan-c-16u-boys,Trojan,78,79,-1,1360.0,1360.0,0.0,CCA JO Quals,0-2,18,0.4,"large-field secondary signal; winner +10 max from low base, finalists +5 to +7",manual_review_depth_guardrail|manual_review_low_game_count|quiksilver_cup_2026_evidence_added|quiksilver_cup_2026_lightweight_adjustment
16U Boys,Long Beach Shore,long-beach-shore-16u-boys,Long Beach Shore,,80,0,,1360.0,0.0,Quiksilver Cup,16 of 18,18,0.4,"large-field secondary signal; winner +10 max from low base, finalists +5 to +7",quiksilver_cup_2026_evidence_added|quiksilver_cup_2026_new_team_candidate|quiksilver_cup_2026_lightweight_adjustment
16U Boys,NSD Stars,nsd-stars-16u-boys,NSD Stars,,81,0,,1360.0,0.0,Quiksilver Cup,18 of 18,18,0.4,"large-field secondary signal; winner +10 max from low base, finalists +5 to +7",quiksilver_cup_2026_evidence_added|quiksilver_cup_2026_new_team_candidate|quiksilver_cup_2026_lightweight_adjustment
16U Boys,San Diego Shores Gold,san-diego-shores-gold-16u-boys,San Diego Shores,,82,0,,1360.0,0.0,Quiksilver Cup,14 of 18,18,0.4,"large-field secondary signal; winner +10 max from low base, finalists +5 to +7",quiksilver_cup_2026_new_team_candidate|depth_team_review|quiksilver_cup_2026_evidence_added|quiksilver_cup_2026_lightweight_adjustment
16U Girls,LB Viking,lb-viking-16u-girls,Viking,,18,0,,1693.3,0.0,Quiksilver Cup,1 of 6,6,0.23,small-field cap; new finalists enter mid/lower table with review flags,manual_review_14u_girls_same_team_alias_merge|quiksilver_cup_2026_new_team_candidate|quiksilver_cup_2026_champion|a_team_identity_review|small_field_weight_cap|quiksilver_cup_2026_evidence_added|quiksilver_cup_2026_lightweight_adjustment|quiksilver_small_field_cap
16U Girls,CHAWP B,chawp-b-16u-girls,CHAWP,18,19,-1,1693.3,1691.7,-1.6,US Club Championships,1-1,6,0.23,small-field cap; new finalists enter mid/lower table with review flags,manual_review_depth_guardrail|manual_review_top25_depth_team|quiksilver_cup_2026_evidence_added|quiksilver_cup_2026_lightweight_adjustment|quiksilver_small_field_cap
16U Girls,OVAC,ovac-16u-girls,OVAC,,20,0,,1687.3,0.0,Quiksilver Cup,2 of 6,6,0.23,small-field cap; new finalists enter mid/lower table with review flags,quiksilver_cup_2026_new_team_candidate|quiksilver_cup_2026_runner_up|small_field_weight_cap|quiksilver_cup_2026_evidence_added|quiksilver_cup_2026_lightweight_adjustment|quiksilver_small_field_cap
16U Girls,Palos Verdes,palos-verdes-16u-girls,Palos Verdes,19,21,-2,1691.7,1685.3,-6.4,CCA JO Quals,3-2,6,0.23,small-field cap; new finalists enter mid/lower table with review flags,manual_review_low_game_count|quiksilver_cup_2026_evidence_added|quiksilver_cup_2026_lightweight_adjustment|quiksilver_small_field_cap
16U Girls,SoCal,socal-16u-girls,SoCal,20,22,-2,1687.3,1669.2,-18.1,US Club Championships,2-2,6,0.23,small-field cap; new finalists enter mid/lower table with review flags,quiksilver_cup_2026_evidence_added|quiksilver_cup_2026_lightweight_adjustment|quiksilver_small_field_cap
16U Girls,Temple City,temple-city-16u-girls,Temple City,21,24,-3,1685.3,1647.5,-37.8,Futures Super Finals,3-1,6,0.23,small-field cap; new finalists enter mid/lower table with review flags,quiksilver_cup_2026_evidence_added|quiksilver_cup_2026_lightweight_adjustment|quiksilver_small_field_cap
16U Girls,SBWPC B,sbwpc-b-16u-girls,SBWPC,22,25,-3,1669.2,1647.0,-22.2,US Club Championships,1-3,6,0.23,small-field cap; new finalists enter mid/lower table with review flags,manual_review_depth_guardrail|manual_review_top25_depth_team|quiksilver_cup_2026_evidence_added|quiksilver_cup_2026_lightweight_adjustment|quiksilver_small_field_cap
16U Girls,CIU,ciu-16u-girls,CIU,24,26,-2,1647.5,1590.0,-57.5,US Club Championships,1-2,6,0.23,small-field cap; new finalists enter mid/lower table with review flags,quiksilver_cup_2026_evidence_added|quiksilver_cup_2026_lightweight_adjustment|quiksilver_small_field_cap
16U Girls,Arroyo Grande,arroyo-grande-16u-girls,Arroyo Grande,25,27,-2,1647.0,1558.1,-88.9,Futures Super Finals,2-3,6,0.23,small-field cap; new finalists enter mid/lower table with review flags,manual_review_low_game_count|quiksilver_cup_2026_evidence_added|quiksilver_cup_2026_lightweight_adjustment|quiksilver_small_field_cap
16U Girls,Mid Valley,mid-valley-16u-girls,Mid Valley,,28,0,,1552.6,0.0,Quiksilver Cup,5 of 6,6,0.23,small-field cap; new finalists enter mid/lower table with review flags,quiksilver_cup_2026_new_team_candidate|small_field_weight_cap|quiksilver_cup_2026_evidence_added|quiksilver_cup_2026_lightweight_adjustment|quiksilver_small_field_cap
16U Girls,Asphalt Green,asphalt-green-16u-girls,Asphalt Green,26,29,-3,1590.0,1532.1,-57.9,Futures Super Finals,2-3,6,0.23,small-field cap; new finalists enter mid/lower table with review flags,manual_review_low_game_count|quiksilver_cup_2026_evidence_added|quiksilver_cup_2026_lightweight_adjustment|quiksilver_small_field_cap
16U Girls,Rose Bowl,rose-bowl-16u-girls,Rose Bowl,27,30,-3,1558.1,1526.9,-31.2,US Club Championships,0-2,6,0.23,small-field cap; new finalists enter mid/lower table with review flags,quiksilver_cup_2026_evidence_added|quiksilver_cup_2026_lightweight_adjustment|quiksilver_small_field_cap
16U Girls,Viking White,viking-white-16u-girls,Viking,28,31,-3,1552.6,1510.8,-41.8,CCA JO Quals,3-2,6,0.23,small-field cap; new finalists enter mid/lower table with review flags,manual_review_depth_guardrail|manual_review_low_game_count|quiksilver_cup_2026_evidence_added|quiksilver_cup_2026_lightweight_adjustment|quiksilver_small_field_cap
16U Girls,Bulldog,bulldog-16u-girls,Bulldog,29,32,-3,1532.1,1462.9,-69.2,US Club Championships,0-2,6,0.23,small-field cap; new finalists enter mid/lower table with review flags,manual_review_low_game_count|quiksilver_cup_2026_evidence_added|quiksilver_cup_2026_lightweight_adjustment|quiksilver_small_field_cap
16U Girls,Clovis,clovis-16u-girls,Clovis,30,33,-3,1526.9,1360.0,-166.9,Futures Super Finals,1-4,6,0.23,small-field cap; new finalists enter mid/lower table with review flags,manual_review_low_game_count|quiksilver_cup_2026_evidence_added|quiksilver_cup_2026_lightweight_adjustment|quiksilver_small_field_cap
16U Girls,CDM,cdm-16u-girls,CDM,31,34,-3,1510.8,1360.0,-150.8,Futures Super Finals,2-2,6,0.23,small-field cap; new finalists enter mid/lower table with review flags,quiksilver_cup_2026_evidence_added|quiksilver_cup_2026_lightweight_adjustment|quiksilver_small_field_cap
16U Girls,South Coast B,south-coast-b-16u-girls,South Coast,32,35,-3,1462.9,1360.0,-102.9,CCA JO Quals,1-3,6,0.23,small-field cap; new finalists enter mid/lower table with review flags,manual_review_depth_guardrail|quiksilver_cup_2026_evidence_added|quiksilver_cup_2026_lightweight_adjustment|quiksilver_small_field_cap
16U Girls,Lamorinda B,lamorinda-b-16u-girls,Lamorinda,33,36,-3,1360.0,1360.0,0.0,US Club Championships,0-2,6,0.23,small-field cap; new finalists enter mid/lower table with review flags,manual_review_depth_guardrail|quiksilver_cup_2026_evidence_added|quiksilver_cup_2026_lightweight_adjustment|quiksilver_small_field_cap
18U Boys,South Coast,south-coast-18u-boys,South Coast,13,12,1,1762.6,1801.3,38.7,Futures Super Finals,3-2,16,0.35,partial-score cap; top 10 mostly protected; last-place penalty limited,quiksilver_cup_2026_evidence_added|quiksilver_cup_2026_lightweight_adjustment|quiksilver_partial_score_guardrail
18U Boys,Tsunami,tsunami-18u-boys,Rancho Tsunami,14,13,1,1749.1,1762.6,13.5,Futures Super Finals,4-0,16,0.35,partial-score cap; top 10 mostly protected; last-place penalty limited,quiksilver_cup_2026_evidence_added|quiksilver_cup_2026_lightweight_adjustment|quiksilver_partial_score_guardrail
18U Boys,Supreme,supreme-18u-boys,Supreme,12,14,-2,1801.3,1749.1,-52.2,Quiksilver Cup,16 of 16,16,0.35,partial-score cap; top 10 mostly protected; last-place penalty limited,quiksilver_cup_2026_evidence_added|quiksilver_cup_2026_lightweight_adjustment|quiksilver_partial_score_guardrail
18U Boys,San Diego Shores,san-diego-shores-18u-boys,San Diego Shores,24,21,3,1655.6,1690.4,34.8,Quiksilver Cup,6 of 16,16,0.35,partial-score cap; top 10 mostly protected; last-place penalty limited,manual_review_low_game_count|quiksilver_cup_2026_evidence_added|quiksilver_cup_2026_lightweight_adjustment|quiksilver_partial_score_guardrail
18U Boys,Sand Canyon Red,sand-canyon-red-18u-boys,Sand Canyon,21,22,-1,1690.4,1676.9,-13.5,SOPAC JO Quals,3-2,16,0.35,partial-score cap; top 10 mostly protected; last-place penalty limited,manual_review_low_game_count|quiksilver_cup_2026_evidence_added|quiksilver_cup_2026_lightweight_adjustment|quiksilver_partial_score_guardrail
18U Boys,Greenwich,greenwich-18u-boys,Greenwich,,23,0,,1662.2,0.0,Quiksilver Cup,5 of 16,16,0.35,partial-score cap; top 10 mostly protected; last-place penalty limited,manual_priority_out_of_region_elite_result|quiksilver_cup_2026_new_team_candidate|medium_large_field_weight_cap|quiksilver_cup_2026_evidence_added|quiksilver_cup_2026_lightweight_adjustment|quiksilver_partial_score_guardrail
18U Boys,SET,set-18u-boys,SET,22,24,-2,1676.9,1655.6,-21.3,Futures Super Finals,3-1,16,0.35,partial-score cap; top 10 mostly protected; last-place penalty limited,quiksilver_cup_2026_evidence_added|quiksilver_cup_2026_lightweight_adjustment|quiksilver_partial_score_guardrail
18U Boys,Hieland,hieland-18u-boys,Hieland,23,25,-2,1662.2,1650.8,-11.4,SOPAC JO Quals,2-2,16,0.35,partial-score cap; top 10 mostly protected; last-place penalty limited,quiksilver_cup_2026_evidence_added|quiksilver_cup_2026_lightweight_adjustment|quiksilver_partial_score_guardrail
18U Boys,CHAWP B,chawp-b-18u-boys,CHAWP,25,26,-1,1650.8,1648.2,-2.6,SOPAC JO Quals,2-2,16,0.35,partial-score cap; top 10 mostly protected; last-place penalty limited,manual_review_depth_guardrail|manual_review_low_game_count|manual_review_top25_depth_team|quiksilver_cup_2026_evidence_added|quiksilver_cup_2026_lightweight_adjustment|quiksilver_partial_score_guardrail
18U Boys,San Francisco,san-francisco-18u-boys,San Francisco,26,27,-1,1648.2,1633.0,-15.2,Futures Super Finals,2-3,16,0.35,partial-score cap; top 10 mostly protected; last-place penalty limited,manual_review_low_game_count|quiksilver_cup_2026_evidence_added|quiksilver_cup_2026_lightweight_adjustment|quiksilver_partial_score_guardrail
18U Boys,CIU,ciu-18u-boys,CIU,,28,0,,1625.8,0.0,Quiksilver Cup,8 of 16,16,0.35,partial-score cap; top 10 mostly protected; last-place penalty limited,quiksilver_cup_2026_new_team_candidate|medium_large_field_weight_cap|quiksilver_cup_2026_evidence_added|quiksilver_cup_2026_lightweight_adjustment|quiksilver_partial_score_guardrail
18U Boys,PAC Orange,pac-orange-18u-boys,PAC Orange,27,29,-2,1633.0,1620.9,-12.1,CCA JO Quals,1-1,16,0.35,partial-score cap; top 10 mostly protected; last-place penalty limited,manual_review_low_game_count|quiksilver_cup_2026_evidence_added|quiksilver_cup_2026_lightweight_adjustment|quiksilver_partial_score_guardrail
18U Boys,Sand Canyon,sand-canyon-18u-boys,Sand Canyon,28,30,-2,1625.8,1555.5,-70.3,Futures Super Finals,2-3,16,0.35,partial-score cap; top 10 mostly protected; last-place penalty limited,quiksilver_cup_2026_evidence_added|quiksilver_cup_2026_lightweight_adjustment|quiksilver_partial_score_guardrail
18U Boys,Trojan B,trojan-b-18u-boys,Trojan,29,31,-2,1620.9,1528.5,-92.4,Futures Super Finals,4-0,16,0.35,partial-score cap; top 10 mostly protected; last-place penalty limited,manual_review_depth_guardrail|manual_review_d2_tier_guardrail|quiksilver_cup_2026_evidence_added|quiksilver_cup_2026_lightweight_adjustment|quiksilver_partial_score_guardrail
18U Boys,Long Beach Shore,long-beach-shore-18u-boys,Long Beach Shore,,32,0,,1514.9,0.0,Quiksilver Cup,9 of 16,16,0.35,partial-score cap; top 10 mostly protected; last-place penalty limited,quiksilver_cup_2026_evidence_added|quiksilver_cup_2026_new_team_candidate|medium_large_field_weight_cap|quiksilver_cup_2026_lightweight_adjustment|quiksilver_partial_score_guardrail
18U Boys,Diablo Alliance A,diablo-alliance-a-18u-boys,Diablo Alliance,30,33,-3,1555.5,1501.3,-54.2,Quiksilver Cup,10 of 16,16,0.35,partial-score cap; top 10 mostly protected; last-place penalty limited,manual_review_low_game_count|quiksilver_cup_2026_evidence_added|quiksilver_cup_2026_lightweight_adjustment|quiksilver_partial_score_guardrail
18U Boys,Route 66,route-66-18u-boys,Route 66,31,34,-3,1528.5,1496.5,-32.0,Futures Super Finals,2-2,16,0.35,partial-score cap; top 10 mostly protected; last-place penalty limited,manual_review_low_game_count|quiksilver_cup_2026_evidence_added|quiksilver_cup_2026_lightweight_adjustment|quiksilver_partial_score_guardrail
18U Boys,Olympus,olympus-18u-boys,Olympus,,35,0,,1478.5,0.0,Quiksilver Cup,11 of 16,16,0.35,partial-score cap; top 10 mostly protected; last-place penalty limited,quiksilver_cup_2026_new_club_candidate|quiksilver_cup_2026_provisional_entry|medium_large_field_weight_cap|quiksilver_cup_2026_evidence_added|quiksilver_cup_2026_lightweight_adjustment|quiksilver_partial_score_guardrail
18U Boys,American River,american-river-18u-boys,American River,32,36,-4,1514.9,1463.1,-51.8,Futures Super Finals,1-4,16,0.35,partial-score cap; top 10 mostly protected; last-place penalty limited,manual_review_low_game_count|quiksilver_cup_2026_evidence_added|quiksilver_cup_2026_lightweight_adjustment|quiksilver_partial_score_guardrail
18U Boys,La Jolla United B,la-jolla-united-b-18u-boys,La Jolla United,33,37,-4,1501.3,1462.3,-39.0,Quiksilver Cup,Final placement pending source score,16,0.35,partial-score cap; top 10 mostly protected; last-place penalty limited,manual_review_depth_guardrail|manual_review_d2_tier_guardrail|quiksilver_cup_2026_evidence_added|quiksilver_cup_2026_final_score_pending|quiksilver_cup_2026_lightweight_adjustment|quiksilver_partial_score_guardrail
18U Boys,Foothill,foothill-18u-boys,Foothill,,38,0,,1430.8,0.0,Quiksilver Cup,13 of 16,16,0.35,partial-score cap; top 10 mostly protected; last-place penalty limited,quiksilver_cup_2026_new_team_candidate|medium_large_field_weight_cap|quiksilver_cup_2026_evidence_added|quiksilver_cup_2026_lightweight_adjustment|quiksilver_partial_score_guardrail
18U Boys,Alameda WPC,alameda-wpc-18u-boys,Alameda,,39,0,,1360.0,0.0,Quiksilver Cup,15 of 16,16,0.35,partial-score cap; top 10 mostly protected; last-place penalty limited,quiksilver_cup_2026_new_team_candidate|club_identity_review|medium_large_field_weight_cap|quiksilver_cup_2026_evidence_added|quiksilver_cup_2026_lightweight_adjustment|quiksilver_partial_score_guardrail
18U Boys,San Jose Express,san-jose-express-18u-boys,San Jose Express,34,40,-6,1496.5,1360.0,-136.5,Futures Super Finals,1-4,16,0.35,partial-score cap; top 10 mostly protected; last-place penalty limited,manual_review_low_game_count|quiksilver_cup_2026_evidence_added|quiksilver_cup_2026_lightweight_adjustment|quiksilver_partial_score_guardrail
18U Boys,Vanguard Silver,vanguard-silver-18u-boys,Vanguard,35,41,-6,1478.5,1360.0,-118.5,SOPAC JO Quals,2-3,16,0.35,partial-score cap; top 10 mostly protected; last-place penalty limited,manual_review_depth_guardrail|manual_review_low_game_count|quiksilver_cup_2026_evidence_added|quiksilver_cup_2026_lightweight_adjustment|quiksilver_partial_score_guardrail
18U Boys,SFV,sfv-18u-boys,SFV,36,42,-6,1463.1,1360.0,-103.1,CCA JO Quals,0-2,16,0.35,partial-score cap; top 10 mostly protected; last-place penalty limited,manual_review_low_game_count|quiksilver_cup_2026_evidence_added|quiksilver_cup_2026_lightweight_adjustment|quiksilver_partial_score_guardrail
18U Boys,CHAWP,chawp-18u-boys,CHAWP,37,43,-6,1462.3,1360.0,-102.3,SOPAC JO Quals,1-4,16,0.35,partial-score cap; top 10 mostly protected; last-place penalty limited,quiksilver_cup_2026_evidence_added|quiksilver_cup_2026_lightweight_adjustment|quiksilver_partial_score_guardrail
18U Boys,Rose Bowl,rose-bowl-18u-boys,Rose Bowl,38,44,-6,1430.8,1360.0,-70.8,Futures Super Finals,1-3,16,0.35,partial-score cap; top 10 mostly protected; last-place penalty limited,quiksilver_cup_2026_evidence_added|quiksilver_cup_2026_lightweight_adjustment|quiksilver_partial_score_guardrail
18U Boys,Yeti,yeti-18u-boys,Yeti,39,45,-6,1360.0,1360.0,0.0,SOPAC JO Quals,0-5,16,0.35,partial-score cap; top 10 mostly protected; last-place penalty limited,manual_review_low_game_count|quiksilver_cup_2026_evidence_added|quiksilver_cup_2026_lightweight_adjustment|quiksilver_partial_score_guardrail
18U Girls,Mission,mission-18u-girls,Mission,9,7,2,1788.3,1825.0,36.7,Quiksilver Cup,4 of 12,12,0.32,"medium-field cap; champion +6, runner-up/new team mid-table",quiksilver_cup_2026_evidence_added|quiksilver_cup_2026_lightweight_adjustment
18U Girls,Rose Bowl,rose-bowl-18u-girls,Rose Bowl,7,8,-1,1825.0,1823.7,-1.3,US Club Championships,1-2,12,0.32,"medium-field cap; champion +6, runner-up/new team mid-table",quiksilver_cup_2026_evidence_added|quiksilver_cup_2026_lightweight_adjustment
18U Girls,LB Viking Blue,lb-viking-blue-18u-girls,Viking,15,9,6,1716.1,1788.3,72.2,Quiksilver Cup,1 of 12,12,0.32,"medium-field cap; champion +6, runner-up/new team mid-table",manual_review_depth_guardrail|manual_review_low_game_count|manual_review_top25_depth_team|quiksilver_cup_2026_evidence_added|quiksilver_cup_2026_lightweight_adjustment
18U Girls,Foothill,foothill-18u-girls,Foothill,8,10,-2,1823.7,1782.9,-40.8,Quiksilver Cup,9 of 12,12,0.32,"medium-field cap; champion +6, runner-up/new team mid-table",quiksilver_cup_2026_evidence_added|quiksilver_cup_2026_lightweight_adjustment
18U Girls,Legacy,legacy-18u-girls,Legacy,10,11,-1,1782.9,1738.1,-44.8,Quiksilver Cup,7 of 12,12,0.32,"medium-field cap; champion +6, runner-up/new team mid-table",manual_review_low_game_count|quiksilver_cup_2026_evidence_added|quiksilver_cup_2026_lightweight_adjustment
18U Girls,Stanford A,stanford-a-18u-girls,Stanford,11,12,-1,1738.1,1728.1,-10.0,US Club Championships,2-2,12,0.32,"medium-field cap; champion +6, runner-up/new team mid-table",quiksilver_cup_2026_evidence_added|quiksilver_cup_2026_lightweight_adjustment
18U Girls,Santa Cruz,santa-cruz-18u-girls,Santa Cruz,12,13,-1,1728.1,1728.0,-0.1,Futures Super Finals,3-2,12,0.32,"medium-field cap; champion +6, runner-up/new team mid-table",manual_review_low_game_count|quiksilver_cup_2026_evidence_added|quiksilver_cup_2026_lightweight_adjustment
18U Girls,Palos Verdes,palos-verdes-18u-girls,Palos Verdes,13,14,-1,1728.0,1716.1,-11.9,CCA JO Quals,3-2,12,0.32,"medium-field cap; champion +6, runner-up/new team mid-table",manual_review_low_game_count|quiksilver_cup_2026_evidence_added|quiksilver_cup_2026_lightweight_adjustment
18U Girls,680,680-18u-girls,680,,15,0,,1716.1,0.0,Quiksilver Cup,2 of 12,12,0.32,"medium-field cap; champion +6, runner-up/new team mid-table",quiksilver_cup_2026_new_team_candidate|quiksilver_cup_2026_runner_up|medium_field_weight_cap|quiksilver_cup_2026_evidence_added|quiksilver_cup_2026_lightweight_adjustment
18U Girls,San Diego Shores,san-diego-shores-18u-girls,San Diego Shores,,16,0,,1710.9,0.0,Quiksilver Cup,3 of 12,12,0.32,"medium-field cap; champion +6, runner-up/new team mid-table",quiksilver_cup_2026_new_team_candidate|medium_field_weight_cap|quiksilver_cup_2026_evidence_added|quiksilver_cup_2026_lightweight_adjustment
18U Girls,SBWPC B,sbwpc-b-18u-girls,SBWPC,14,17,-3,1716.1,1706.8,-9.3,US Club Championships,3-1,12,0.32,"medium-field cap; champion +6, runner-up/new team mid-table",manual_review_depth_guardrail|manual_review_top25_depth_team|quiksilver_cup_2026_evidence_added|quiksilver_cup_2026_lightweight_adjustment
18U Girls,CHAWP B,chawp-b-18u-girls,CHAWP,16,20,-4,1710.9,1654.7,-56.2,US Club Championships,2-2,12,0.32,"medium-field cap; champion +6, runner-up/new team mid-table",manual_review_depth_guardrail|manual_review_top25_depth_team|quiksilver_cup_2026_evidence_added|quiksilver_cup_2026_lightweight_adjustment
18U Girls,Davis,davis-18u-girls,Davis,17,21,-4,1706.8,1652.6,-54.2,US Club Championships,1-1,12,0.32,"medium-field cap; champion +6, runner-up/new team mid-table",manual_review_low_game_count|quiksilver_cup_2026_evidence_added|quiksilver_cup_2026_lightweight_adjustment
18U Girls,Mid Valley,mid-valley-18u-girls,Mid Valley,,22,0,,1632.1,0.0,Quiksilver Cup,5 of 12,12,0.32,"medium-field cap; champion +6, runner-up/new team mid-table",quiksilver_cup_2026_new_team_candidate|medium_field_weight_cap|quiksilver_cup_2026_evidence_added|quiksilver_cup_2026_lightweight_adjustment
18U Girls,SoCal Gold,socal-gold-18u-girls,SoCal,20,23,-3,1654.7,1613.5,-41.2,US Club Championships,1-1,12,0.32,"medium-field cap; champion +6, runner-up/new team mid-table",manual_review_depth_guardrail|manual_review_low_game_count|manual_review_top25_depth_team|quiksilver_cup_2026_evidence_added|quiksilver_cup_2026_lightweight_adjustment
18U Girls,Clovis,clovis-18u-girls,Clovis,21,24,-3,1652.6,1598.2,-54.4,US Club Championships,1-3,12,0.32,"medium-field cap; champion +6, runner-up/new team mid-table",quiksilver_cup_2026_evidence_added|quiksilver_cup_2026_lightweight_adjustment
18U Girls,OVAC,ovac-18u-girls,OVAC,22,25,-3,1632.1,1577.9,-54.2,Futures Super Finals,2-3,12,0.32,"medium-field cap; champion +6, runner-up/new team mid-table",manual_review_low_game_count|quiksilver_cup_2026_evidence_added|quiksilver_cup_2026_lightweight_adjustment
18U Girls,San Clemente,san-clemente-18u-girls,San Clemente,23,26,-3,1613.5,1572.3,-41.2,Futures Super Finals,2-3,12,0.32,"medium-field cap; champion +6, runner-up/new team mid-table",quiksilver_cup_2026_evidence_added|quiksilver_cup_2026_lightweight_adjustment
18U Girls,Bulldog,bulldog-18u-girls,Bulldog,24,27,-3,1598.2,1571.9,-26.3,Quiksilver Cup,10 of 12,12,0.32,"medium-field cap; champion +6, runner-up/new team mid-table",quiksilver_cup_2026_evidence_added|quiksilver_cup_2026_lightweight_adjustment
18U Girls,South Coast,south-coast-18u-girls,South Coast,25,28,-3,1577.9,1534.6,-43.3,Futures Super Finals,2-2,12,0.32,"medium-field cap; champion +6, runner-up/new team mid-table",quiksilver_cup_2026_evidence_added|quiksilver_cup_2026_lightweight_adjustment
18U Girls,Patriot,patriot-18u-girls,Patriot,26,29,-3,1572.3,1516.6,-55.7,Quiksilver Cup,11 of 12,12,0.32,"medium-field cap; champion +6, runner-up/new team mid-table",quiksilver_cup_2026_evidence_added|quiksilver_cup_2026_lightweight_adjustment
18U Girls,LB Viking White,lb-viking-white-18u-girls,Viking,27,30,-3,1571.9,1506.0,-65.9,CCA JO Quals,5-0,12,0.32,"medium-field cap; champion +6, runner-up/new team mid-table",manual_review_depth_guardrail|manual_review_low_game_count|quiksilver_cup_2026_evidence_added|quiksilver_cup_2026_lightweight_adjustment
18U Girls,CHAWP,chawp-18u-girls,CHAWP,28,31,-3,1534.6,1499.6,-35.0,US Club Championships,0-2,12,0.32,"medium-field cap; champion +6, runner-up/new team mid-table",manual_review_low_game_count|quiksilver_cup_2026_evidence_added|quiksilver_cup_2026_lightweight_adjustment
18U Girls,SBWPC C,sbwpc-c-18u-girls,SBWPC,29,32,-3,1516.6,1449.9,-66.7,US Club Championships,0-2,12,0.32,"medium-field cap; champion +6, runner-up/new team mid-table",manual_review_depth_guardrail|manual_review_low_game_count|quiksilver_cup_2026_evidence_added|quiksilver_cup_2026_lightweight_adjustment
18U Girls,Asphalt Green,asphalt-green-18u-girls,Asphalt Green,30,33,-3,1506.0,1418.0,-88.0,Futures Super Finals,1-4,12,0.32,"medium-field cap; champion +6, runner-up/new team mid-table",manual_review_low_game_count|quiksilver_cup_2026_evidence_added|quiksilver_cup_2026_lightweight_adjustment
18U Girls,Commerce,commerce-18u-girls,Commerce,31,34,-3,1499.6,1360.0,-139.6,US Club Championships,0-2,12,0.32,"medium-field cap; champion +6, runner-up/new team mid-table",manual_review_low_game_count|quiksilver_cup_2026_evidence_added|quiksilver_cup_2026_lightweight_adjustment
18U Girls,North Irvine,north-irvine-18u-girls,North Irvine,32,35,-3,1449.9,1360.0,-89.9,Quiksilver Cup,12 of 12,12,0.32,"medium-field cap; champion +6, runner-up/new team mid-table",quiksilver_cup_2026_evidence_added|quiksilver_cup_2026_lightweight_adjustment
18U Girls,Thunder,thunder-18u-girls,Thunder,33,36,-3,1418.0,1360.0,-58.0,Futures Super Finals,0-5,12,0.32,"medium-field cap; champion +6, runner-up/new team mid-table",manual_review_low_game_count|quiksilver_cup_2026_evidence_added|quiksilver_cup_2026_lightweight_adjustment
18U Girls,Sand Canyon,sand-canyon-18u-girls,Sand Canyon,34,37,-3,1360.0,1360.0,0.0,Futures Super Finals,0-4,12,0.32,"medium-field cap; champion +6, runner-up/new team mid-table",quiksilver_cup_2026_evidence_added|quiksilver_cup_2026_lightweight_adjustment
