group,club_slug,club,teams_ranked_order,issue_types,manual_decision,notes
12U Boys,680,680,#18 680 A depth=1 cpi=1710.9 | #44 680 Red depth=1 cpi=1629.0 | #50 680 White depth=1 cpi=1615.0 | #72 680 Blue depth=2 cpi=1526.6,color_or_depth_names_present|duplicate_depth_values,,
12U Boys,cc-united,CC United,#6 CC United depth=1 cpi=1879.9 | #48 CC United Blue depth=2 cpi=1618.8,color_or_depth_names_present,,
12U Boys,cdm,CDM,#10 CDM depth=1 cpi=1764.0 | #84 CDM White depth=1 cpi=1472.6,color_or_depth_names_present|duplicate_depth_values,,
12U Boys,ciu,CIU,#65 CIU Black depth=1 cpi=1554.1 | #76 CIU Gold depth=1 cpi=1506.7,color_or_depth_names_present|duplicate_depth_values,,
12U Boys,foothill-club,Foothill Club,#31 Foothill Red depth=1 cpi=1667.6 | #74 Foothill Black depth=1 cpi=1520.0,color_or_depth_names_present|duplicate_depth_values,,
12U Boys,greenwich,Greenwich,#4 Greenwich depth=1 cpi=1899.2 | #42 Greenwich White depth=1 cpi=1630.3,color_or_depth_names_present|duplicate_depth_values,,
12U Boys,la-jolla-united,La Jolla United,#16 La Jolla United depth=1 cpi=1717.6 | #73 La Jolla United Navy depth=1 cpi=1522.1 | #75 La Jolla United Gold depth=1 cpi=1516.0 | #83 La Jolla United B depth=2 cpi=1472.7,color_or_depth_names_present|duplicate_depth_values,,
12U Boys,los-alamitos,Los Alamitos,#17 Los Alamitos depth=1 cpi=1715.5 | #66 Los Alamitos Opal depth=1 cpi=1550.3,duplicate_depth_values,,
12U Boys,mission,Mission,#1 Mission A depth=1 cpi=2160.0 | #46 Mission B depth=2 cpi=1621.4,color_or_depth_names_present,,
12U Boys,newport-beach,Newport Beach,#27 Newport Beach A depth=1 cpi=1676.9 | #40 Newport White depth=1 cpi=1637.7,color_or_depth_names_present|duplicate_depth_values,,
12U Boys,north-irvine,North Irvine,#7 North Irvine Black depth=1 cpi=1865.8 | #82 North Irvine White depth=1 cpi=1474.2,color_or_depth_names_present|duplicate_depth_values,,
12U Boys,orwp,ORWP,#21 ORWP A depth=1 cpi=1692.3 | #78 ORWP Red depth=1 cpi=1494.9,color_or_depth_names_present|duplicate_depth_values,,
12U Boys,san-clemente,San Clemente,#9 San Clemente depth=1 cpi=1770.7 | #58 San Clemente Red depth=2 cpi=1577.4,color_or_depth_names_present,,
12U Boys,sd-dons,SD Dons,#3 SD Dons A depth=1 cpi=1974.7 | #37 SD Dons B depth=2 cpi=1639.2 | #57 SD Dons Black depth=1 cpi=1582.4 | #64 SD Dons Gold depth=1 cpi=1555.3,color_or_depth_names_present|duplicate_depth_values,,
12U Boys,shaq,SHAQ,#45 SHAQ Blue depth=1 cpi=1622.5 | #61 SHAQ White depth=1 cpi=1562.6,color_or_depth_names_present|duplicate_depth_values,,
12U Boys,stanford,Stanford,#2 Stanford Red depth=1 cpi=2025.5 | #71 Stanford Black depth=2 cpi=1528.0,color_or_depth_names_present,,
12U Boys,trojan,Trojan,#24 Trojan Cardinal depth=1 cpi=1689.1 | #68 Trojan depth=1 cpi=1546.4,duplicate_depth_values,,
12U Boys,yolo,Yolo,#49 Yolo Black depth=1 cpi=1615.6 | #52 Yolo depth=1 cpi=1608.2,color_or_depth_names_present|duplicate_depth_values,,
12U Girls,back-bay,Back Bay,#5 Back Bay Navy depth=1 cpi=1929.6 | #27 Back Bay Black depth=2 cpi=1527.6,color_or_depth_names_present,,
12U Girls,lamorinda,Lamorinda,#3 Lamorinda A depth=1 cpi=1982.7 | #22 Lamorinda B depth=2 cpi=1576.8 | #34 Lamorinda C depth=3 cpi=1451.0,color_or_depth_names_present,,
12U Girls,newport-beach,Newport Beach,#1 Newport Beach A depth=1 cpi=2150.0 | #23 Newport Beach White depth=2 cpi=1570.2,color_or_depth_names_present,,
12U Girls,san-clemente,San Clemente,#4 San Clemente Red depth=1 cpi=1929.7 | #38 San Clemente Black depth=2 cpi=1360.0,color_or_depth_names_present,,
12U Girls,sbwpc,SBWPC,#15 SBWPC A depth=1 cpi=1743.4 | #32 SBWPC B depth=2 cpi=1486.0,color_or_depth_names_present,,
12U Girls,stanford,Stanford,#8 Stanford A depth=1 cpi=1833.1 | #35 Stanford B depth=2 cpi=1429.3,color_or_depth_names_present,,
14U Boys,680,680,#30 680 A depth=1 cpi=1810.8 | #50 680 B depth=2 cpi=1677.9 | #76 680 C depth=3 cpi=1527.9,color_or_depth_names_present,,
14U Boys,american-river,American River,#52 American River A depth=1 cpi=1671.9 | #97 American River B depth=2 cpi=1474.3,color_or_depth_names_present,,
14U Boys,cc-united,CC United,#19 CC United A depth=1 cpi=1897.0 | #35 CC United B depth=2 cpi=1788.9 | #93 CC United C depth=3 cpi=1477.5,color_or_depth_names_present,,
14U Boys,diablo-alliance,Diablo Alliance,#23 Diablo Alliance A depth=1 cpi=1881.7 | #60 Diablo Alliance B depth=2 cpi=1601.1,color_or_depth_names_present,,
14U Boys,la-jolla-united,La Jolla United,#3 La Jolla United A depth=1 cpi=2068.0 | #41 La Jolla United B depth=2 cpi=1727.4,color_or_depth_names_present,,
14U Boys,lamorinda,Lamorinda,#15 Lamorinda A depth=1 cpi=1933.1 | #55 Lamorinda B depth=2 cpi=1653.8 | #103 Lamorinda C depth=3 cpi=1460.4,color_or_depth_names_present,,
14U Boys,mission,Mission,#2 Mission A depth=1 cpi=2076.3 | #22 Mission B depth=2 cpi=1886.3,color_or_depth_names_present,,
14U Boys,newport-beach,Newport Beach,#4 Newport Beach A depth=1 cpi=2037.7 | #34 Newport Beach B depth=2 cpi=1792.1,color_or_depth_names_present,,
14U Boys,norcal,NorCal,#1 NorCal A depth=1 cpi=2161.0 | #58 NorCal B depth=2 cpi=1618.7 | #80 NorCal C depth=3 cpi=1512.2,color_or_depth_names_present,,
14U Boys,north-irvine,North Irvine,#20 North Irvine A depth=1 cpi=1894.0 | #89 North Irvine B depth=2 cpi=1490.2,color_or_depth_names_present,,
14U Boys,ocwpc,OCWPC,#71 OCWPC A depth=1 cpi=1539.6 | #73 OCWPC B depth=2 cpi=1537.5,color_or_depth_names_present,,
14U Boys,patriot,Patriot,#10 Patriot A depth=1 cpi=1976.3 | #28 Patriot B depth=2 cpi=1842.6,color_or_depth_names_present,,
14U Boys,pride,Pride,#26 Pride A depth=1 cpi=1849.8 | #85 Pride B depth=2 cpi=1500.2,color_or_depth_names_present,,
14U Boys,pv-wpc,PV WPC,#57 PV WPC A depth=1 cpi=1625.4 | #83 PV WPC B depth=2 cpi=1504.9,color_or_depth_names_present,,
14U Boys,sd-dons,SD Dons,#7 SD Dons A depth=1 cpi=2000.9 | #65 SD Dons B depth=2 cpi=1571.6,color_or_depth_names_present,,
14U Boys,shaq,SHAQ,#75 SHAQ A depth=1 cpi=1529.1 | #84 SHAQ B depth=2 cpi=1500.7,color_or_depth_names_present,,
14U Boys,sj-foundation,SJ Foundation,#56 SJ Foundation A depth=1 cpi=1626.0 | #105 SJ Foundation B depth=2 cpi=1452.9,color_or_depth_names_present,,
14U Boys,south-coast,South Coast,#16 South Coast A depth=1 cpi=1920.2 | #53 South Coast B depth=2 cpi=1656.6 | #91 South Coast C depth=3 cpi=1482.3,color_or_depth_names_present,,
14U Boys,stanford,Stanford,#13 Stanford A depth=1 cpi=1948.9 | #44 Stanford B depth=2 cpi=1710.0 | #64 Stanford C depth=3 cpi=1572.6,color_or_depth_names_present,,
14U Boys,vanguard,Vanguard,#14 Vanguard A depth=1 cpi=1936.4 | #43 Vanguard B depth=2 cpi=1711.4 | #66 Vanguard C depth=3 cpi=1551.6,color_or_depth_names_present,,
14U Girls,clovis-red,Clovis,#40 Clovis A depth=1 cpi=1830.7 | #73 Clovis B depth=2 cpi=1419.0,color_or_depth_names_present,,
14U Girls,foothill-club,Foothill Club,#23 Foothill Red depth=1 cpi=1961.3 | #72 Foothill Black depth=2 cpi=1426.5,color_or_depth_names_present,,
14U Girls,lamorinda,Lamorinda,#4 Lamorinda A depth=1 cpi=2118.8 | #35 Lamorinda B depth=2 cpi=1868.8 | #63 Lamorinda C depth=3 cpi=1560.4,color_or_depth_names_present,,
14U Girls,los-alamitos,Los Alamitos,#69 Los Alamitos Garnet depth=2 cpi=1485.9 | #71 Los Alamitos depth=1 cpi=1463.6,lower_depth_above_primary,,
14U Girls,newport-beach,Newport Beach,#11 Newport Blue depth=1 cpi=2057.2 | #57 Newport White depth=2 cpi=1627.6,color_or_depth_names_present,,
14U Girls,patriot,Patriot,#1 Patriot Navy depth=1 cpi=2151.7 | #64 Patriot Red depth=2 cpi=1545.5,color_or_depth_names_present,,
14U Girls,san-clemente,San Clemente,#8 San Clemente Red depth=1 cpi=2082.5 | #24 San Clemente Black depth=2 cpi=1953.5,color_or_depth_names_present,,
14U Girls,santa-barbara,Santa Barbara,#7 SBWPC A depth=1 cpi=2091.2 | #58 SBWPC B depth=2 cpi=1612.6,color_or_depth_names_present,,
14U Girls,sd-shores,San Diego Shores,#5 San Diego Shores Black depth=1 cpi=2109.3 | #21 San Diego Shores Gold depth=2 cpi=1976.9 | #61 San Diego Shores White depth=2 cpi=1582.8,color_or_depth_names_present|duplicate_depth_values,,
14U Girls,south-coast,South Coast,#20 South Coast Red depth=1 cpi=1984.8 | #75 South Coast White depth=2 cpi=1396.8,color_or_depth_names_present,,
14U Girls,stanford,Stanford,#2 Stanford A depth=1 cpi=2139.5 | #34 Stanford B depth=2 cpi=1876.4,color_or_depth_names_present,,
16U Boys,cc-united,CC United,#32 CC United depth=1 cpi=1699.1 | #43 CC United Blue depth=2 cpi=1648.5,color_or_depth_names_present,,
16U Boys,chawp,CHAWP,#44 CHAWP B depth=2 cpi=1648.3 | #67 CHAWP depth=1 cpi=1500.9,color_or_depth_names_present|lower_depth_above_primary,,
16U Boys,ciu,CIU,#15 CIU Gold depth=2 cpi=1817.5 | #63 CIU Blue depth=2 cpi=1518.9,color_or_depth_names_present|duplicate_depth_values,,
16U Boys,la-jolla-united,La Jolla United,#20 La Jolla United depth=1 cpi=1785.0 | #46 La Jolla United Gold depth=2 cpi=1637.4 | #55 LA Jolla United White depth=3 cpi=1572.0 | #78 LA Jolla United Silver depth=3 cpi=1360.0,color_or_depth_names_present|duplicate_depth_values,,
16U Boys,palos-verdes,Palos Verdes,#29 Palos Verdes depth=1 cpi=1716.2 | #54 Palos Verdes B depth=2 cpi=1580.4,color_or_depth_names_present,,
16U Boys,patriot,Patriot,#1 Patriot depth=1 cpi=2150.0 | #61 Patriot Red depth=1 cpi=1546.7,color_or_depth_names_present|duplicate_depth_values,,
16U Boys,rose-bowl,Rose Bowl,#17 Rose Bowl depth=1 cpi=1809.2 | #57 Rose Bowl B depth=2 cpi=1559.2,color_or_depth_names_present,,
16U Boys,san-diego-shores,San Diego Shores,#4 San Diego Shores depth=1 cpi=1985.2 | #82 San Diego Shores Gold depth=1 cpi=1360.0,color_or_depth_names_present|duplicate_depth_values,,
16U Boys,sand-canyon,Sand Canyon,#31 Sand Canyon A depth=1 cpi=1709.5 | #41 Sand Canyon depth=1 cpi=1650.1,duplicate_depth_values,,
16U Boys,sj-express,San Jose Express,#68 San Jose Express B depth=2 cpi=1495.3 | #72 San Jose Express depth=1 cpi=1480.2,color_or_depth_names_present|lower_depth_above_primary,,
16U Boys,south-coast,South Coast,#13 South Coast depth=1 cpi=1865.7 | #51 South Coast B depth=2 cpi=1605.5 | #77 South Coast C depth=3 cpi=1394.5,color_or_depth_names_present,,
16U Boys,stanford,Stanford,#6 Stanford A depth=1 cpi=1934.7 | #42 Stanford B depth=2 cpi=1650.1,color_or_depth_names_present,,
16U Boys,trojan,Trojan,#8 Trojan depth=1 cpi=1918.8 | #26 Trojan B depth=2 cpi=1752.8 | #79 Trojan C depth=3 cpi=1360.0,color_or_depth_names_present,,
16U Boys,vanguard,Vanguard,#3 Vanguard depth=1 cpi=2009.9 | #25 Vanguard Blue depth=2 cpi=1754.5 | #53 Vanguard Silver depth=3 cpi=1587.6 | #76 Vanguard White depth=3 cpi=1428.3,color_or_depth_names_present|duplicate_depth_values,,
16U Girls,lamorinda,Lamorinda,#16 Lamorinda A depth=1 cpi=1732.3 | #36 Lamorinda B depth=2 cpi=1360.0,color_or_depth_names_present,,
16U Girls,sbwpc,SBWPC,#1 SBWPC A depth=1 cpi=2150.0 | #25 SBWPC B depth=2 cpi=1647.0,color_or_depth_names_present,,
16U Girls,south-coast,South Coast,#3 South Coast depth=1 cpi=2039.4 | #35 South Coast B depth=2 cpi=1360.0,color_or_depth_names_present,,
16U Girls,viking,Viking,#18 LB Viking depth=1 cpi=1693.3 | #31 Viking White depth=3 cpi=1510.8,color_or_depth_names_present,,
18U Boys,chawp,CHAWP,#26 CHAWP B depth=2 cpi=1648.2 | #43 CHAWP depth=1 cpi=1360.0,color_or_depth_names_present|lower_depth_above_primary,,
18U Boys,imperial,Imperial,#4 Imperial depth=1 cpi=1920.0 | #16 Imperial B depth=2 cpi=1747.2,color_or_depth_names_present,,
18U Boys,sand-canyon,Sand Canyon,#15 Sand Canyon Black depth=2 cpi=1747.2 | #22 Sand Canyon Red depth=1 cpi=1676.9 | #30 Sand Canyon depth=1 cpi=1555.5,color_or_depth_names_present|duplicate_depth_values|lower_depth_above_primary,,
18U Boys,trojan,Trojan,#8 Trojan depth=1 cpi=1866.1 | #31 Trojan B depth=2 cpi=1528.5,color_or_depth_names_present,,
18U Boys,vanguard,Vanguard,#17 Vanguard Blue depth=2 cpi=1738.9 | #41 Vanguard Silver depth=3 cpi=1360.0,color_or_depth_names_present,,
18U Girls,chawp,CHAWP,#20 CHAWP B depth=2 cpi=1654.7 | #31 CHAWP depth=1 cpi=1499.6,color_or_depth_names_present|lower_depth_above_primary,,
18U Girls,sbwpc,SBWPC,#2 SBWPC A depth=1 cpi=2040.1 | #17 SBWPC B depth=2 cpi=1706.8 | #32 SBWPC C depth=3 cpi=1449.9,color_or_depth_names_present,,
18U Girls,socal,SoCal,#4 SoCal depth=1 cpi=2000.7 | #23 SoCal Gold depth=2 cpi=1613.5,color_or_depth_names_present,,
18U Girls,viking,Viking,#9 LB Viking Blue depth=2 cpi=1788.3 | #30 LB Viking White depth=3 cpi=1506.0,color_or_depth_names_present,,
