14U BOYS GOLD,23 teams,6 min. qrtrs.,25+24,,,,,,,
HOT! RESULTS,RESULTS FEED,SUBMIT SCORES LOGIN,,,,,,,,
A,B,C,D,E,F,,,,,
1,4,5,2,3,6,,,,,
12,9,8,11,10,7,,,,,
13,16,17,14,15,18,,,,,
,21,20,23,22,19,,,,,
,,,,,,,,,,
A,B,C,D,E,F,,,,,
A1(1)-LAWPC,4-SAN CLEMENTE RED,5-TITANS,2-ELITE,3-SHORE AQUATICS,6-BACK BAY,,,,,
A2(12)-680 BLUE,9-PAC ORANGE,8-PALOS VERDES BLACK,11-680 WHITE,10-ROSE BOWL RED,7-FOOTHILL RED,,,,,
A3(13)-STANFORD BLACK,16-NBWP WHITE,17-CCU BLUE,14-SD SHORES GOLD,15-MISSION WPC B,18-VANGUARD SILVER,,,,,
,21-LA JOLLA UNITED GOLD,20-DIABLO ALLIANCE BLACK,23-PRIDE 13,22-TSUNAMI BLUE,19-SOUTH COAST WHITE,,,,,
,,,,,,,,,,
G (1st-6th),H (1st-6th),I (7th-12th),J (7th-12th),K (13th-18th),L (13th-18th),M (19th-23rd) 2 games each,,,,
G1(1stA)-LAWPC,H1(1stD)-ELITE,I1(2ndA)-680 BLUE,J1(2ndD)-SHORES GOLD,K1(3rdA)-STANFORD BLACK,L1(3rdD)-PRIDE 13,M1(4thF)-SOUTH COAST WHITE,M1(4thF)-SOUTH COAST WHITE,M5(4thD)-680 WHITE,,
G2(1stB)-SAN CLEMENTE RED,H2(1stE)-SHORE AQUATICS,I2(2ndB)-NBWP WHITE,J2(2ndE-MISSION WPC B,K2(3rdB)-LA JOLLA UNITED GOLD,L2(3rdE)-TSUNAMI BLUE,M2(4thC)-DIABLO ALLIANCE BLACK,M2(4thC)-DIABLO ALLIANCE BLACK,M4(4thE)-ROSE BOWL RED,,
G2(1stC)-PALOS VERDES BLACK,H3(1stF)-VANGUARD SILVER,I3(2ndC)-TITANS,J3(2ndF)-BACK BAY,K3(3rdC)-CCU BLUE,L3(3rdF)-FOOTHILL RED,M3(4thB)-PAC ORANGE,,,,
RR,RR,RR,RR,RR,RR,M4(4thE)-ROSE BOWL RED,M1(4thF)-SOUTH COAST WHITE,M3(4thB)-PAC ORANGE,,
,,,,,,M5(4thD)-680 WHITE,M2(4thC)-DIABLO ALLIANCE BLACK,M5(4thD)-680 WHITE,,
N Overall 3rd,O Overall 1st,P Overall 5th,,,,,,,,
N1(2ndG)-SAN CLEMENTE RED,O1(1stG)-PALOS VERDES BLACK,P1(3rdG)-LAWPC,,,,,M3(4thB)-PAC ORANGE,M4(4thE)-ROSE BOWL RED,,
N2(2ndH)-ELITE,O2(1stH)-SHORE AQUATICS,P2(3rdH)-VANGUARD SILVER,,,,,,,,
,,,,,,,,,,
,,,,,,,,,,
DATE,TIME,LOCATION,GAME ID,WHITE TEAM,S,DARK TEAM,S,COMMENTS,DIVISION,
4-Oct,8:00 AM,COSTA MESA HS 1,14Bau11,A1(1)-LAWPC,19,A3(13)-STANFORD BLACK,8,"A bracket A1,A3",14U_BOYS_GOLD,
4-Oct,8:50 AM,COSTA MESA HS 1,14Bau01,5-TITANS,15,20-DIABLO ALLIANCE BLACK,2,W/L C1/C4,14U_BOYS_GOLD,
4-Oct,9:40 AM,COSTA MESA HS 1,14Bau03,8-PALOS VERDES BLACK,12,17-CCU BLUE,4,W/L C2/C3,14U_BOYS_GOLD,
4-Oct,10:30 AM,COSTA MESA HS 1,14Bau05,A1(1)-LAWPC,12,A2(12)-680 BLUE,7,"A bracket A1,A2",14U_BOYS_GOLD,
4-Oct,11:20 AM,COSTA MESA HS 1,14Bau07,4-SAN CLEMENTE RED,11,21-LA JOLLA UNITED GOLD,8,W/L B1/B4,14U_BOYS_GOLD,
4-Oct,12:10 PM,COSTA MESA HS 1,14Bau09,9-PAC ORANGE,7,16-NBWP WHITE,21,W/L B2/B3,14U_BOYS_GOLD,
4-Oct,1:00 PM,COSTA MESA HS 1,14Bau17,A2(12)-680 BLUE,8,A3(13)-STANFORD BLACK,7,"A bracket A1,A3",14U_BOYS_GOLD,
4-Oct,1:50 PM,COSTA MESA HS 1,14Bau13,L#1-DIABLO ALLIANCE BLACK,7,L#3-CCU BLUE,15,3rd/4thC,14U_BOYS_GOLD,
4-Oct,2:40 PM,COSTA MESA HS 1,14Bau15,W#1-TITANS,5,W#3-PALOS VERDES BLACK,12,1st/2ndC,14U_BOYS_GOLD,
4-Oct,3:30 PM,COSTA MESA HS 1,14Bau19,L#7-LA JOLLA UNITED GOLD,14,L#9-PAC ORANGE,7,3rd/4thB,14U_BOYS_GOLD,
4-Oct,4:20 PM,COSTA MESA HS 1,14Bau21,W#7-SAN CLEMENTE RED,15,W#9-NBWP WHITE,10,1st/2ndB,14U_BOYS_GOLD,
4-Oct,5:10 PM,COSTA MESA HS 1,14Bau23,G1(1stA)-LAWPC,6,G2(1stC)-PALOS VERDES BLACK,13,"G bracket 1A,1C",14U_BOYS_GOLD,
,,,,,,,,,,
,,,,,,,,,,
4-Oct,8:00 AM,ESTANCIA HS 1,14Bau02,2-ELITE,8,23-PRIDE 13,7,W/L D1/D4,14U_BOYS_GOLD,
4-Oct,8:00 AM,EL TORO HS,14Bau04,11-680 WHITE,9,14-SD SHORES GOLD,15,W/L D2/D3,14U_BOYS_GOLD,
4-Oct,8:50 AM,ESTANCIA HS 1,14Bau06,3-SHORE AQUATICS,13,22-TSUNAMI BLUE,5,W/L E1/E4,14U_BOYS_GOLD,
4-Oct,9:40 AM,ESTANCIA HS 1,14Bau08,10-ROSE BOWL RED,3,15-MISSION WPC B,9,W/L E2/E3,14U_BOYS_GOLD,
4-Oct,10:30 AM,ESTANCIA HS 1,14Bau10,6-BACK BAY,15,19-SOUTH COAST WHITE,6,W/L F1/F4,14U_BOYS_GOLD,
4-Oct,11:20 AM,ESTANCIA HS 1,14Bau12,7-FOOTHILL RED,5,18-VANGUARD SILVER,8,W/L F2/F3,14U_BOYS_GOLD,
4-Oct,12:10 PM,ESTANCIA HS 1,14Bau14,L#2-PRIDE 13,13,L#4-680 WHITE,3,3rd/4thD,14U_BOYS_GOLD,
4-Oct,1:00 PM,ESTANCIA HS 1,14Bau16,W#2-ELITE,13,W#4-SD SHORES GOLD,5,1st/2ndD,14U_BOYS_GOLD,
4-Oct,1:50 PM,ESTANCIA HS 1,14Bau18,L#6-TSUNAMI BLUE,10,L#8-ROSE BOWL RED,2,3rd/4th E,14U_BOYS_GOLD,
4-Oct,2:40 PM,ESTANCIA HS 1,14Bau20,W#6-SHORE AQUATICS,14,W#8-MISSION WPC B,6,1st/2nd E,14U_BOYS_GOLD,
4-Oct,3:30 PM,ESTANCIA HS 1,14Bau22,L#10-SOUTH COAST WHITE,4,L#12-FOOTHILL RED,10,3rd/4th F,14U_BOYS_GOLD,
4-Oct,4:20 PM,ESTANCIA HS 1,14Bau24,W#10-BACK BAY,9,W#12-VANGUARD SILVER,15,1st/2nd F,14U_BOYS_GOLD,
4-Oct,5:10 PM,ESTANCIA HS 1,14Bau25,H1(1stD)-ELITE,2,H2(1stE)-SHORE AQUATICS,19,H bracket 1D/1E,14U_BOYS_GOLD,
,,,,,,,,,,
,,,,,,,,,,
,,,,,,,,,,
5-Oct,8:50 AM,ESTANCIA HS 1,14Bau26,I1(2ndA)-680 BLUE,9,I3(2ndC)-TITANS,14,"I bracket I1,I3",14U_BOYS_GOLD,
5-Oct,9:40 AM,ESTANCIA HS 1,14Bau28,G1(1stA)-LAWPC,9,G2(1stB)-SAN CLEMENTE RED,11,"G bracket G1,G3",14U_BOYS_GOLD,
5-Oct,10:30 AM,ESTANCIA HS 1,14Bau30,H1(1stD)-ELITE,9,H3(1stF)-VANGUARD SILVER,8,"H bracket H1,H3",14U_BOYS_GOLD,
5-Oct,11:20 AM,ESTANCIA HS 1,14Bau33,I2(2ndB)-NBWP WHITE,11,I3(2ndC)-TITANS,7,"I bracket I2,I3",14U_BOYS_GOLD,
5-Oct,12:10 PM,ESTANCIA HS 1,14Bau36,G2(1stB)-SAN CLEMENTE RED,8,G2(1stC)-PALOS VERDES BLACK,17,"G bracket G2,G3",14U_BOYS_GOLD,
5-Oct,1:00 PM,ESTANCIA HS 1,14Bau38,H2(1stE)-SHORE AQUATICS,13,H3(1stF)-VANGUARD SILVER,1,"H bracket H2,H3",14U_BOYS_GOLD,
5-Oct,1:50 PM,ESTANCIA HS 1,14Bau40,I1(2ndA)-680 BLUE,4,I2(2ndB)-NBWP WHITE,14,"I bracket I1,2",14U_BOYS_GOLD,
5-Oct,2:40 PM,ESTANCIA HS 1,14Bau43,P1(3rdG)-LAWPC,12,P2(3rdH)-VANGUARD SILVER,4,5th 3G/3H,14U_BOYS_GOLD,
5-Oct,3:30 PM,ESTANCIA HS 1,14Bau46,N1(2ndG)-SAN CLEMENTE RED,11,N2(2ndH)-ELITE,10,3rd 2G/2H,14U_BOYS_GOLD,
5-Oct,4:20 PM,ESTANCIA HS 1,14Bau49,O1(1stG)-PALOS VERDES BLACK,8,O2(1stH)-SHORE AQUATICS,7,1st 1G/1H,14U_BOYS_GOLD,
,,,,,,,,,,
5-Oct,8:50 AM,COSTA MESA HS 1,14Bau27,L1(3rdD)-PRIDE 13,8,L3(3rdF)-FOOTHILL RED,6,"L bracket L1,L3",14U_BOYS_GOLD,
5-Oct,9:40 AM,COSTA MESA HS 1,14Bau29,J1(2ndD)-SHORES GOLD,4,J3(2ndF)-BACK BAY,16,"J bracket J1,J3",14U_BOYS_GOLD,
5-Oct,10:30 AM,COSTA MESA HS 1,14Bau31,K1(3rdA)-STANFORD BLACK,7.3,K3(3rdC)-CCU BLUE,7.4,"K bracket K1,K3",14U_BOYS_GOLD,
5-Oct,11:20 AM,COSTA MESA HS 1,14Bau34,L2(3rdE)-TSUNAMI BLUE,7,L3(3rdF)-FOOTHILL RED,4,"L bracket L2,L3",14U_BOYS_GOLD,
5-Oct,12:10 PM,COSTA MESA HS 1,14Bau37,J2(2ndE-MISSION WPC B,13,J3(2ndF)-BACK BAY,10,"J bracket J2,J3",14U_BOYS_GOLD,
5-Oct,1:00 PM,COSTA MESA HS 1,14Bau39,K2(3rdB)-LA JOLLA UNITED GOLD,5,K3(3rdC)-CCU BLUE,4,"K bracket K2,K3",14U_BOYS_GOLD,
5-Oct,1:50 PM,COSTA MESA HS 1,14Bau41,L1(3rdD)-PRIDE 13,2,L2(3rdE)-TSUNAMI BLUE,11,"L bracket L1,L2",14U_BOYS_GOLD,
5-Oct,2:40 PM,COSTA MESA HS 1,14Bau44,J1(2ndD)-SHORES GOLD,6,J2(2ndE-MISSION WPC B,12,"J bracket J1,J2",14U_BOYS_GOLD,
5-Oct,3:30 PM,COSTA MESA HS 1,14Bau47,K1(3rdA)-STANFORD BLACK,3,K2(3rdB)-LA JOLLA UNITED GOLD,8,"K bracket K1,K2",14U_BOYS_GOLD,
,,,,,,,,,,
5-Oct,7:00 AM,TUSTIN HS 1,14Bau32,M1(4thF)-SOUTH COAST WHITE,9,M5(4thD)-680 WHITE,10,19th-23rd,14U_BOYS_GOLD,
5-Oct,7:50 AM,TUSTIN HS 1,14Bau35,M2(4thC)-DIABLO ALLIANCE BLACK,7,M4(4thE)-ROSE BOWL RED,10,19th-23rd,14U_BOYS_GOLD,
,,,,,,,,,,
5-Oct,10:20 AM,TUSTIN HS 1,14Bau42,M1(4thF)-SOUTH COAST WHITE,5,M3(4thB)-PAC ORANGE,1,19th-23rd,14U_BOYS_GOLD,
5-Oct,11:10 AM,TUSTIN HS 1,14Bau45,M2(4thC)-DIABLO ALLIANCE BLACK,10,M5(4thD)-680 WHITE,11,19th-23rd,14U_BOYS_GOLD,
,,,,,,,,,,
5-Oct,3:20 PM,TUSTIN HS 1,14Bau48,M3(4thB)-PAC ORANGE,7,M4(4thE)-ROSE BOWL RED,11,19th-23rd,14U_BOYS_GOLD,
,,,,,,,,,,
,,,,,,,,1st,PALOS VERDES BLACK,
,,,,,,,,2nd,SHORE AQUATICS,
,,,,,,,,3rd,SAN CLEMENTE RED,
,,,,,,,,,,
,,,,,,,,,,
,,,,,,,,,,
,,,,,,,,,,
,,,,,,,,,,
,,,,,,,,,,
,,,,,,,,,,
,,,,,,,,,,
,,,,,,,,,,
,,,,,,,,,,
,,,,,,,,,,
,,,,,,,,,,
,,,,,,,,,,
,,,,,,,,,,
,,,,,,,,,,
,,,,,,,,,,
,,,,,,,,,,
,,,,,,,,,,
