14U BOYS PLATINUM,19 teams,6 min. qrtrs.,21+21,,,,,,,,,,,,,,,,,,,,
HOT! RESULTS,RESULTS FEED,SUBMIT SCORES LOGIN,,,,,,,,,,,,,,,,,,,,,
A,B,C,D,E,F,,,,,,,,,,,,,,,,,,
1,4,5,2,3,6,,,,,,,,,,,,,,,,,,
12,9,8,11,10,7,,,,,,,,,,,,,,,,,,
13,16,17,14,15,18,,,,,,,,,,,,xx,,,,,,xx
,,,,,19,,,,,,,,,,,,,,,,,,xx
A,B,C,D,E,F,,,,,,,,,,,,,,,,,,
A1-NORCAL BLACK,B1-LA JOLLA UNITED NAVY,C1-NBWP BLUE,D1-CHANNEL ISLANDS UNITED GOLD,E1-MISSION WPC A,F1-VANGUARD BLUE,,,,,,,,,,,,,,,,,,
A2-CDM BLUE,B2-LAMORINDA A,C2-SD SHORES BLACK,D2-DIABLO ALLIANCE RED,E2-STANFORD RED,F2-680 RED,,,,,,,,,,,,,,,,,,
A3-CCU BLACK,B3-ORANGE COUNTY WPC BLUE,C3-SOUTH COAST RED,D3-ORWP,E3-DEL MAR 13 BLUE,F3-NORTH IRVINE BLACK,,,,,,,,,,,,,,,,,,
,,,,,F4-PRIDE,,,,,,,,,,,,,,,,,,
,,,,,,,,,,,,,,,,,,,,,,,
G (1st-6th),H (1st-6th),I (7th-12th),J (7th-12th),K (13th-19th),L (13th-19th),,,,,,,,,,,,,,,,,,
G1(1stA)-CCU BLACK,H1(1stD)-CHANNEL ISLANDS UNITED GOLD,I1(2ndA)-NORCAL BLACK,J1(2ndD)-DIABLO ALLIANCE RED,K1(3rdA)-CDM BLUE,L1(3rdD)-ORWP,,,,,,,,,,,,,,,,,,
G2(1stB)-LA JOLLA UNITED NAVY,H2(1stE)-MISSION WPC A,I2(2ndB)-LAMORINDA A,J2(2ndE)-STANFORD RED,K2(3rdB)-ORANGE COUNTY WPC BLUE,L2(3rdE)-DEL MAR 13 BLUE,,,,,,,,,,,,,,,,,,
G3(1stC)-NBWP BLUE,H3(1stF)-VANGUARD BLUE,I3(2ndC)-SD SHORES BLACK,J3(2ndF)-680 RED,K3(3rdC)-SOUTH COAST RED,L3(3rdF)-PRIDE,,,,,,,,,,,,,,,,,,
,,,,,L4(4thF)-NORTH IRVINE BLACK,,,,,,,,,,,,,,,,,,
N Overall 3rd,O Overall 1st,,,,,,,,,,,,,,,,,,,,,,
N1(2ndG)-LA JOLLA UNITED NAVY,O1(1stG)-NBWP BLUE,,,,,,,,,,,,,,,xx,,,,,,,
N2(2ndH)-MISSION WPC A,O2(1stH)-VANGUARD BLUE,,,,,,,,,,,,,,,,,,,,,,
,,,,,,,,,,,,,,,,,,,,,,,
DATE,TIME,LOCATION,GAME ID,WHITE TEAM,S,DARK TEAM,S,COMMENTS,DIVISION,,,,,,,,,,,,,,
4-Oct,9:30 AM,WOOLLETT NEAR RIGHT,14Bpt01,A1-NORCAL BLACK,7,A3-CCU BLACK,9,A bracket,14U_BOYS_PLATINUM,,,,,,,,,,,,,,
4-Oct,10:20 AM,WOOLLETT NEAR RIGHT,14Bpt02,B1-LA JOLLA UNITED NAVY,15,B3-ORANGE COUNTY WPC BLUE,4,B bracket,14U_BOYS_PLATINUM,,,,,,,,,,,,,,
4-Oct,11:10 AM,WOOLLETT NEAR RIGHT,14Bpt03,C1-NBWP BLUE,15,C3-SOUTH COAST RED,6,C bracket,14U_BOYS_PLATINUM,,,,,,,,,,,,,,
4-Oct,12:00 PM,WOOLLETT NEAR RIGHT,14Bpt04,A2-CDM BLUE,4,A3-CCU BLACK,8,A bracket,14U_BOYS_PLATINUM,,,,,,,,,,,,,,
4-Oct,12:50 PM,WOOLLETT NEAR RIGHT,14Bpt05,B2-LAMORINDA A,13,B3-ORANGE COUNTY WPC BLUE,3,B bracket,14U_BOYS_PLATINUM,,,,,,,,,,,,,,
4-Oct,1:40 PM,WOOLLETT NEAR RIGHT,14Bpt06,C2-SD SHORES BLACK,14,C3-SOUTH COAST RED,3,C bracket,14U_BOYS_PLATINUM,,,,,,,,,,,,,,
4-Oct,2:30 PM,WOOLLETT NEAR RIGHT,14Bpt07,A1-NORCAL BLACK,8,A2-CDM BLUE,5,A bracket,14U_BOYS_PLATINUM,,,,,,,,,,,,,,
4-Oct,3:20 PM,WOOLLETT NEAR RIGHT,14Bpt08,B1-LA JOLLA UNITED NAVY,18,B2-LAMORINDA A,7,B bracket,14U_BOYS_PLATINUM,,,,,,,,,,,,,,
4-Oct,4:10 PM,WOOLLETT NEAR RIGHT,14Bpt09,C1-NBWP BLUE,10,C2-SD SHORES BLACK,8,C bracket,14U_BOYS_PLATINUM,,,,,,,,,,,,,,
,,,,,,,,,,,,,,,,,,,,,,,
4-Oct,7:00 AM,WOOLLETT NEAR LEFT,14Bpt10,E1-MISSION WPC A,16,E3-DEL MAR 13 BLUE,1,E bracket,14U_BOYS_PLATINUM,,,,,,,,,,,,,,
4-Oct,7:50 AM,WOOLLETT NEAR LEFT,14Bpt11,D2-DIABLO ALLIANCE RED,18,D3-ORWP,14,D bracket,14U_BOYS_PLATINUM,,,,,,,,,,,,,,
4-Oct,8:40 AM,WOOLLETT NEAR LEFT,14Bpt12,F1-VANGUARD BLUE,16,F4-PRIDE,4,"F bracket F1,F4",14U_BOYS_PLATINUM,,,,,,,,,,,,,,
4-Oct,9:30 AM,WOOLLETT NEAR LEFT,14Bpt13,F2-680 RED,11,F3-NORTH IRVINE BLACK,8,"F bracket, F2,F3",14U_BOYS_PLATINUM,,,,,,,,,,,,,,
4-Oct,10:20 AM,WOOLLETT NEAR LEFT,14Bpt14,E1-MISSION WPC A,14,E2-STANFORD RED,5,E bracket,14U_BOYS_PLATINUM,,,,,,,,,,,,,,
4-Oct,11:10 AM,WOOLLETT NEAR LEFT,14Bpt15,D1-CHANNEL ISLANDS UNITED GOLD,14,D3-ORWP,5,D bracket,14U_BOYS_PLATINUM,,,,,,,,,,,,,,
4-Oct,12:00 PM,WOOLLETT NEAR LEFT,14Bpt16,F1-VANGUARD BLUE,10,F3-NORTH IRVINE BLACK,2,"F bracket F1,F3",14U_BOYS_PLATINUM,,,,,,,,,,,,,,
4-Oct,12:50 PM,WOOLLETT NEAR LEFT,14Bpt17,F2-680 RED,11,F4-PRIDE,9,"F bracket, F2,F4",14U_BOYS_PLATINUM,,,,,,,,,,,,,,
4-Oct,1:40 PM,WOOLLETT NEAR LEFT,14Bpt18,E2-STANFORD RED,12,E3-DEL MAR 13 BLUE,4,E bracket,14U_BOYS_PLATINUM,,,,,,,,,,,,,,
4-Oct,2:30 PM,WOOLLETT NEAR LEFT,14Bpt19,D1-CHANNEL ISLANDS UNITED GOLD,19,D2-DIABLO ALLIANCE RED,8,D bracket,14U_BOYS_PLATINUM,,,,,,,,,,,,,,
,,,,,,,,,,,,,,,,,,,,,,,
4-Oct,5:00 PM,WOOLLETT NEAR RIGHT,14Bpt20,F1-VANGUARD BLUE,10,F2-680 RED,6,,14U_BOYS_PLATINUM,,,,,,,,,,,,,,
4-Oct,5:10 PM,EL TORO HS,14Bpt21,F3-NORTH IRVINE BLACK,6,F4-PRIDE,11,,14U_BOYS_PLATINUM,,,,,,,,,,,,,,
,,,,,,,,,,,,,,,,,,,,,,,
,,,,,,,,,,,,,,,,,,,,,,,
,,,,,,,,,,,,,,,,,,,,,,,
5-Oct,7:00 AM,WOOLLETT NEAR LEFT,14Bpt22,G1(1stA)-CCU BLACK,5,G3(1stC)-NBWP BLUE,12,G bracket,14U_BOYS_PLATINUM,,,,,,,,,,,,,,
5-Oct,7:50 AM,WOOLLETT NEAR LEFT,14Bpt23,H1(1stD)-CHANNEL ISLANDS UNITED GOLD,5,H3(1stF)-VANGUARD BLUE,7,H bracket,14U_BOYS_PLATINUM,,,,,,,,,,,,,,
5-Oct,8:40 AM,WOOLLETT NEAR LEFT,14Bpt24,I1(2ndA)-NORCAL BLACK,5,I3(2ndC)-SD SHORES BLACK,13,I bracket,14U_BOYS_PLATINUM,,,,,,,,,,,,,,
5-Oct,9:30 AM,WOOLLETT NEAR LEFT,14Bpt25,G2(1stB)-LA JOLLA UNITED NAVY,9.3,G3(1stC)-NBWP BLUE,9.4,G bracket,14U_BOYS_PLATINUM,,,,,,,,,,,,,,
5-Oct,10:20 AM,WOOLLETT NEAR LEFT,14Bpt26,H1(1stD)-CHANNEL ISLANDS UNITED GOLD,6,H2(1stE)-MISSION WPC A,8,H bracket,14U_BOYS_PLATINUM,,,,,,,,,,,,,,
,,,,,,,,,,,,,,,,,,,,,,,
5-Oct,12:00 PM,WOOLLETT NEAR LEFT,14Bpt27,I2(2ndB)-LAMORINDA A,7,I3(2ndC)-SD SHORES BLACK,10,I bracket,14U_BOYS_PLATINUM,,,,,,,,,,,,,,
5-Oct,12:50 PM,WOOLLETT NEAR LEFT,14Bpt28,G1(1stA)-CCU BLACK,5,G2(1stB)-LA JOLLA UNITED NAVY,10,G bracket,14U_BOYS_PLATINUM,,,,,,,,,,,,,,
5-Oct,1:40 PM,WOOLLETT NEAR LEFT,14Bpt29,H2(1stE)-MISSION WPC A,5,H3(1stF)-VANGUARD BLUE,6,H bracket,14U_BOYS_PLATINUM,,,,,,,,,,,,,,
5-Oct,2:30 PM,WOOLLETT NEAR LEFT,14Bpt30,I1(2ndA)-NORCAL BLACK,13,I2(2ndB)-LAMORINDA A,7,I bracket,14U_BOYS_PLATINUM,,,,,,,,,,,,,,
,,,,,,,,,,,,,,,,,,,,,,,
5-Oct,4:10 PM,WOOLLETT NEAR LEFT,14Bpt31,N1(2ndG)-LA JOLLA UNITED NAVY,4,N2(2ndH)-MISSION WPC A,9,3rd,14U_BOYS_PLATINUM,,,,,,,,,,,,,,
5-Oct,5:00 PM,WOOLLETT NEAR LEFT,14Bpt32,O1(1stG)-NBWP BLUE,10,O2(1stH)-VANGUARD BLUE,9,1st,14U_BOYS_PLATINUM,,,,,,,,,,,,,,
,,,,,,,,,,,,,,,,,,,,,,,
5-Oct,7:00 AM,WOOLLETT NEAR RIGHT,14Bpt33,J1(2ndD)-DIABLO ALLIANCE RED,12,J3(2ndF)-680 RED,9,bracket,14U_BOYS_PLATINUM,,,,,,,,,,,,,,
5-Oct,7:50 AM,WOOLLETT NEAR RIGHT,14Bpt34,K1(3rdA)-CDM BLUE,8,K3(3rdC)-SOUTH COAST RED,4,bracket,14U_BOYS_PLATINUM,,,,,,,,,,,,,,
5-Oct,8:40 AM,WOOLLETT NEAR RIGHT,14Bpt35,L1(3rdD)-ORWP,15,L4(4thF)-NORTH IRVINE BLACK,12,bracket,14U_BOYS_PLATINUM,,,,,,,,,,,,,,
5-Oct,9:30 AM,WOOLLETT NEAR RIGHT,14Bpt36,L2(3rdE)-DEL MAR 13 BLUE,11.1,L3(3rdF)-PRIDE,11.4,bracket,14U_BOYS_PLATINUM,,,,,,,,,,,,,,
5-Oct,10:20 AM,WOOLLETT NEAR RIGHT,14Bpt37,J2(2ndE)-STANFORD RED,7,J3(2ndF)-680 RED,15,bracket,14U_BOYS_PLATINUM,,,,,,,,,,,,,,
,,,,,,,,,,,,,,,,,,,,,,,
5-Oct,12:50 PM,WOOLLETT NEAR RIGHT,14Bpt38,K2(3rdB)-ORANGE COUNTY WPC BLUE,6,K3(3rdC)-SOUTH COAST RED,7,bracket,14U_BOYS_PLATINUM,,,,,,,,,,,,,,
5-Oct,1:40 PM,WOOLLETT NEAR RIGHT,14Bpt39,L1(3rdD)-ORWP,6,L3(3rdF)-PRIDE,7,bracket,14U_BOYS_PLATINUM,,,,,,,,,,,,,,
5-Oct,2:30 PM,WOOLLETT NEAR RIGHT,14Bpt40,L2(3rdE)-DEL MAR 13 BLUE,8,L4(4thF)-NORTH IRVINE BLACK,14,bracket,14U_BOYS_PLATINUM,,,,,,,,,,,,,,
5-Oct,3:20 PM,WOOLLETT NEAR RIGHT,14Bpt41,J1(2ndD)-DIABLO ALLIANCE RED,15,J2(2ndE)-STANFORD RED,10,bracket,14U_BOYS_PLATINUM,,,,,,,,,,,,,,
5-Oct,4:10 PM,WOOLLETT NEAR RIGHT,14Bpt42,K1(3rdA)-CDM BLUE,7,K2(3rdB)-ORANGE COUNTY WPC BLUE,8,bracket,14U_BOYS_PLATINUM,,,,,,,,,,,,,,
,,,,,,,,,,,,,,,,,,,,,,,
,,,,,,,,1st,NBWP BLUE,,,,,,,,,,,,,,
,,,,,,,,2nd,VANGUARD BLUE,,,,,,,,,,,,,,
,,,,,,,,3rd,MISSION WPC A,,,,,,,,,,,,,,
,,,,,,,,,,,,,,,,,,,,,,,
