team_id,team_name,club_id,team_level,games
mission-wpc-a,Mission Wpc A,mission-wpc,A,24
set-a,Set A,set,A,21
stanford-b,Stanford B,stanford,B,21
north-irvine-a,North Irvine A,north-irvine,A,20
vanguard-b,Vanguard B,vanguard,B,20
back-bay-a,Back Bay A,back-bay,A,19
norcal-a,Norcal A,norcal,A,18
north-irvine-b,North Irvine B,north-irvine,B,17
patriot-a,Patriot A,patriot,A,17
patriot-b,Patriot B,patriot,B,17
la-premier-a,LA Premier A,la-premier,A,16
lamorinda-a,Lamorinda A,lamorinda,A,16
vanguard-a,Vanguard A,vanguard,A,16
680-a,680 A,680,A,15
680-c,680 C,680,C,15
alameda-a,Alameda A,alameda,A,15
cc-united-b,CC United B,cc-united,B,15
south-coast-a,South Coast A,south-coast,A,15
south-coast-b,South Coast B,south-coast,B,15
lamorinda-b,Lamorinda B,lamorinda,B,14
mission-wpc-b,Mission Wpc B,mission-wpc,B,14
newport-beach-a,Newport Beach A,newport-beach,A,14
stanford-a,Stanford A,stanford,A,14
680-b,680 B,680,B,13
cc-united-a,CC United A,cc-united,A,13
commerce-a,Commerce A,commerce,A,13
hieland-a,Hieland A,hieland,A,13
la-jolla-united-a,LA Jolla United A,la-jolla-united,A,13
san-clemente-black-a,San Clemente Black A,san-clemente-black,A,13
sd-dons-a,SD Dons A,sd-dons,A,13
shore-aquatics-a,Shore Aquatics A,shore-aquatics,A,13
foothill-a,Foothill A,foothill,A,12
santa-barbara-a,Santa Barbara A,santa-barbara,A,12
trojan-cardinal-a,Trojan Cardinal A,trojan-cardinal,A,12
trojan-gold-a,Trojan Gold A,trojan-gold,A,12
greenwich-a,Greenwich A,greenwich,A,11
lawpc-a,LAWPC A,lawpc,A,11
norcal-b,Norcal B,norcal,B,11
northwest-a,Northwest A,northwest,A,11
route-66-a,Route 66 A,route-66,A,11
908-a,908 A,908,A,10
cc-united-c,CC United C,cc-united,C,10
cdm-a,CDM A,cdm,A,10
diablo-alliance-a,Diablo Alliance A,diablo-alliance,A,10
diablo-alliance-b,Diablo Alliance B,diablo-alliance,B,10
rose-bowl-black-a,Rose Bowl Black A,rose-bowl-black,A,10
sharks-a,Sharks A,sharks,A,10
temple-city-a,Temple City A,temple-city,A,10
davis-a,Davis A,davis,A,9
foothill-b,Foothill B,foothill,B,9
ngen-a,Ngen A,ngen,A,9
pride-black-a,Pride Black A,pride-black,A,9
renegades-a,Renegades A,renegades,A,9
san-francisco-a,San Francisco A,san-francisco,A,9
supreme-a,Supreme A,supreme,A,9
titans-a,Titans A,titans,A,9
valley-united-a,Valley United A,valley-united,A,9
908-blue-a,908 Blue A,908-blue,A,8
american-river-a,American River A,american-river,A,8
american-river-b,American River B,american-river,B,8
devils-gate-a,Devils Gate A,devils-gate,A,8
san-clemente-red-a,San Clemente Red A,san-clemente-red,A,8
santa-cruz-a,Santa Cruz A,santa-cruz,A,8
sj-express-a,SJ Express A,sj-express,A,8
gold-coast-a,Gold Coast A,gold-coast,A,7
loyola-a,Loyola A,loyola,A,7
ocwpc-c,OCWPC C,ocwpc,C,7
rose-bowl-red-a,Rose Bowl Red A,rose-bowl-red,A,7
san-jose-foundation-blue-a,San Jose Foundation Blue A,san-jose-foundation-blue,A,7
tsm-a,Tsm A,tsm,A,7
burlingame-a,Burlingame A,burlingame,A,6
lamorinda-c,Lamorinda C,lamorinda,C,6
midpen-a,Midpen A,midpen,A,6
palos-verdes-b,Palos Verdes B,palos-verdes,B,6
pasadena-ac-orange-a,Pasadena Ac Orange A,pasadena-ac-orange,A,6
san-clem-red-a,San Clem Red A,san-clem-red,A,6
san-jose-express-blue-a,San Jose Express Blue A,san-jose-express-blue,A,6
san-jose-foundation-black-a,San Jose Foundation Black A,san-jose-foundation-black,A,6
sand-canyon-a,Sand Canyon A,sand-canyon,A,6
sd-eca-a,SD Eca A,sd-eca,A,6
socal-a,SOCAL A,socal,A,6
tsunami-blue-a,Tsunami Blue A,tsunami-blue,A,6
908-yellow-a,908 Yellow A,908-yellow,A,5
ciu-coast-a,CIU Coast A,ciu-coast,A,5
ciu-gold-a,CIU Gold A,ciu-gold,A,5
clovis-red,Clovis Red,clovis-red,A,5
cmac-a,Cmac A,cmac,A,5
crown-city-a,Crown City A,crown-city,A,5
eca-b,Eca B,eca,B,5
gate-14u-a,Gate 14u A,gate-14u,A,5
kingsburg-a,Kingsburg A,kingsburg,A,5
la-city-united-a,LA City United A,la-city-united,A,5
la-jolla-united-b,LA Jolla United B,la-jolla-united,B,5
los-alamitos-a,Los Alamitos A,los-alamitos,A,5
nbwp-blue-a,Nbwp Blue A,nbwp-blue,A,5
newport-beach-b,Newport Beach B,newport-beach,B,5
orwp-14u-black-a,Orwp 14u Black A,orwp-14u-black,A,5
orwp-red-a,Orwp Red A,orwp-red,A,5
ovac-a,OVAC A,ovac,A,5
pac-a,Pac A,pac,A,5
pegasus-a,Pegasus A,pegasus,A,5
pride-a,Pride A,pride,A,5
pride-red-a,Pride Red A,pride-red,A,5
pv-black-a,Pv Black A,pv-black,A,5
pv-blue-a,Pv Blue A,pv-blue,A,5
rain-city-a,Rain City A,rain-city,A,5
rancho-tsunami-a,Rancho Tsunami A,rancho-tsunami,A,5
rose-bowl-a,Rose Bowl A,rose-bowl,A,5
san-clemente-a,San Clemente A,san-clemente,A,5
sbwpc-a,Sbwpc A,sbwpc,A,5
shaq-a,Shaq A,shaq,A,5
shore-red-a,Shore Red A,shore-red,A,5
socal-black-a,SOCAL Black A,socal-black,A,5
socal-gold-a,SOCAL Gold A,socal-gold,A,5
titans-gold-a,Titans Gold A,titans-gold,A,5
trilogy-a,Trilogy A,trilogy,A,5
trojan-a,Trojan A,trojan,A,5
908-green-a,908 Green A,908-green,A,4
boa-a,Boa A,boa,A,4
channel-islands-united-a,Channel Islands United A,channel-islands-united,A,4
chawp-a,Chawp A,chawp,A,4
ct-premier-a,Ct Premier A,ct-premier,A,4
cvu-a,Cvu A,cvu,A,4
honolulu-blue-a,Honolulu Blue A,honolulu-blue,A,4
honolulu-green-a,Honolulu Green A,honolulu-green,A,4
la-jolla-united-gold-a,LA Jolla United Gold A,la-jolla-united-gold,A,4
loyola-wpc-a,Loyola Wpc A,loyola-wpc,A,4
nado-a,Nado A,nado,A,4
nbwp-white-a,Nbwp White A,nbwp-white,A,4
ocwpc-blue-a,OCWPC Blue A,ocwpc-blue,A,4
ohana-a,Ohana A,ohana,A,4
orwp-a,Orwp A,orwp,A,4
palos-verdes-a,Palos Verdes A,palos-verdes,A,4
pasadena-ac-a,Pasadena Ac A,pasadena-ac,A,4
peak-polo-lightning-pt-a,Peak Polo Lightning Pt A,peak-polo-lightning-pt,A,4
poway-valley-black-a,Poway Valley Black A,poway-valley-black,A,4
san-diego-shores-a,San Diego Shores A,san-diego-shores,A,4
sand-canyon-black-pt-a,Sand Canyon Black Pt A,sand-canyon-black-pt,A,4
sand-canyon-red-a,Sand Canyon Red A,sand-canyon-red,A,4
sd-shores-black-a,SD Shores Black A,sd-shores-black,A,4
sfv-a,Sfv A,sfv,A,4
sj-foundation-a,SJ Foundation A,sj-foundation,A,4
skip-a,SKIP A,skip,A,4
south-coast-blue-a,South Coast Blue A,south-coast-blue,A,4
south-county-aquatics-a,South County Aquatics A,south-county-aquatics,A,4
south-valley-a,South Valley A,south-valley,A,4
stanford-13-a,Stanford 13 A,stanford-13,A,4
stanford-c,Stanford C,stanford,C,4
tmec-wp-a,Tmec Wp A,tmec-wp,A,4
tri-valley-tritons-a,Tri Valley Tritons A,tri-valley-tritons,A,4
triton-gold-a,Triton Gold A,triton-gold,A,4
tsm-b,Tsm B,tsm,B,4
big-valley-a,Big Valley A,big-valley,A,3
cdm-white-a,CDM White A,cdm-white,A,3
channel-islands-united-gold-a,Channel Islands United Gold A,channel-islands-united-gold,A,3
devil-s-gate-a,Devil S Gate A,devil-s-gate,A,3
lacuwp-a,Lacuwp A,lacuwp,A,3
newport-beach-c,Newport Beach C,newport-beach,C,3
nsd-stars-a,Nsd Stars A,nsd-stars,A,3
orange-county-wpc-b,Orange County Wpc B,orange-county-wpc,B,3
orange-county-wpc-blue-a,Orange County Wpc Blue A,orange-county-wpc-blue,A,3
orwp-b,Orwp B,orwp,B,3
peak-polo-boltz-pt-a,Peak Polo Boltz Pt A,peak-polo-boltz-pt,A,3
rancho-tsunami-blue-a,Rancho Tsunami Blue A,rancho-tsunami-blue,A,3
route-66-aquatics-a,Route 66 Aquatics A,route-66-aquatics,A,3
san-clemente-white-a,San Clemente White A,san-clemente-white,A,3
san-diego-dons-14-black-a,San Diego Dons 14 Black A,san-diego-dons-14-black,A,3
sd-dons-c,SD Dons C,sd-dons,C,3
shaq-blue-a,Shaq Blue A,shaq-blue,A,3
shaq-white-a,Shaq White A,shaq-white,A,3
1stp-chawp-a,1stp Chawp A,1stp-chawp,A,2
1stq-ocwpc-red-a,1stq OCWPC Red A,1stq-ocwpc-red,A,2
1str-patriot-red-a,1str Patriot Red A,1str-patriot-red,A,2
2ndp-set-a,2ndp Set A,2ndp-set,A,2
2ndq-san-clemente-black-a,2ndq San Clemente Black A,2ndq-san-clemente-black,A,2
2ndr-vanguard-silver-a,2ndr Vanguard Silver A,2ndr-vanguard-silver,A,2
3rdp-north-irvine-red-a,3rdp North Irvine Red A,3rdp-north-irvine-red,A,2
3rdq-tmec-wp-a,3rdq Tmec Wp A,3rdq-tmec-wp,A,2
3rdr-san-clemente-white-a,3rdr San Clemente White A,3rdr-san-clemente-white,A,2
brea-olinda-gold-a,Brea Olinda Gold A,brea-olinda-gold,A,2
cdm-b,CDM B,cdm,B,2
lowpo-a,Lowpo A,lowpo,A,2
newport-beach-silver-a,Newport Beach Silver A,newport-beach-silver,A,2
newport-beach-white-a,Newport Beach White A,newport-beach-white,A,2
riverside-a,Riverside A,riverside,A,2
sd-dons-b,SD Dons B,sd-dons,B,2
sd-shores-gold-a,SD Shores Gold A,sd-shores-gold,A,2
trilogy-black-a,Trilogy Black A,trilogy-black,A,2
11-a,11 A,11,A,1
15-a,15 A,15,A,1
19-route-66-aquatics-a,19 Route 66 Aquatics A,19-route-66-aquatics,A,1
1st-in-a-la-premier-a,1st In A LA Premier A,1st-in-a-la-premier,A,1
1st-in-b-pv-black-a,1st In B Pv Black A,1st-in-b-pv-black,A,1
1st-in-c-ciu-gold-a,1st In C CIU Gold A,1st-in-c-ciu-gold,A,1
1st-in-d-908-yellow-a,1st In D 908 Yellow A,1st-in-d-908-yellow,A,1
1st-in-e-commerce-a,1st In E Commerce A,1st-in-e-commerce,A,1
1st-in-f-sbwpc-a,1st In F Sbwpc A,1st-in-f-sbwpc,A,1
1st-in-g-gate-14u-a,1st In G Gate 14u A,1st-in-g-gate-14u,A,1
1st-in-h-south-coast-red-a,1st In H South Coast Red A,1st-in-h-south-coast-red,A,1
1sta-brea-olinda-gold-a,1sta Brea Olinda Gold A,1sta-brea-olinda-gold,A,1
1sta-ciu-a,1sta CIU A,1sta-ciu,A,1
1sta-mission-a,1sta Mission A,1sta-mission,A,1
1sta-north-irvine-red-a,1sta North Irvine Red A,1sta-north-irvine-red,A,1
1stb-la-jolla-united-a,1stb LA Jolla United A,1stb-la-jolla-united,A,1
1stb-newport-beach-blue-a,1stb Newport Beach Blue A,1stb-newport-beach-blue,A,1
1stb-orange-county-wpc-b,1stb Orange County Wpc B,1stb-orange-county-wpc,B,1
1stc-norcal-a,1stc Norcal A,1stc-norcal,A,1
1stc-vanguard-blue-a,1stc Vanguard Blue A,1stc-vanguard-blue,A,1
1stc-vanguard-silver-a,1stc Vanguard Silver A,1stc-vanguard-silver,A,1
1std-alameda-a,1std Alameda A,1std-alameda,A,1
1std-mission-a,1std Mission A,1std-mission,A,1
1std-newport-beach-silver-a,1std Newport Beach Silver A,1std-newport-beach-silver,A,1
1ste-908-a,1ste 908 A,1ste-908,A,1
1stf-commerce-a,1stf Commerce A,1stf-commerce,A,1
1stg-lawpc-a,1stg LAWPC A,1stg-lawpc,A,1
1stg-mission-wpc-a,1stg Mission Wpc A,1stg-mission-wpc,A,1
1stg-north-irvine-a,1stg North Irvine A,1stg-north-irvine,A,1
1stg-patriot-navy-a,1stg Patriot Navy A,1stg-patriot-navy,A,1
1stg-poway-valley-black-a,1stg Poway Valley Black A,1stg-poway-valley-black,A,1
1sth-ccu-a,1sth Ccu A,1sth-ccu,A,1
1sth-gold-coast-a,1sth Gold Coast A,1sth-gold-coast,A,1
1sth-mission-wpc-a,1sth Mission Wpc A,1sth-mission-wpc,A,1
1sth-skip-a,1sth SKIP A,1sth-skip,A,1
1stj-cdm-a,1stj CDM A,1stj-cdm,A,1
1stj-diablo-alliance-b,1stj Diablo Alliance B,1stj-diablo-alliance,B,1
1stj-la-jolla-united-navy-a,1stj LA Jolla United Navy A,1stj-la-jolla-united-navy,A,1
1stk-680-b,1stk 680 B,1stk-680,B,1
1stk-tsunami-blue-a,1stk Tsunami Blue A,1stk-tsunami-blue,A,1
1stl-norcal-b,1stl Norcal B,1stl-norcal,B,1
1stm-back-bay-a,1stm Back Bay A,1stm-back-bay,A,1
1stm-stanford-c,1stm Stanford C,1stm-stanford,C,1
1stn-mission-wpc-a,1stn Mission Wpc A,1stn-mission-wpc,A,1
1str-cc-united-white-a,1str CC United White A,1str-cc-united-white,A,1
1sts-stanford-white-a,1sts Stanford White A,1sts-stanford-white,A,1
2-a,2 A,2,A,1
20-devil-s-gate-a,20 Devil S Gate A,20-devil-s-gate,A,1
24-pride-red-a,24 Pride Red A,24-pride-red,A,1
25-american-river-blue-a,25 American River Blue A,25-american-river-blue,A,1
26-south-coast-white-a,26 South Coast White A,26-south-coast-white,A,1
2nd-in-a-foothill-red-a,2nd In A Foothill Red A,2nd-in-a-foothill-red,A,1
2nd-in-b-rose-bowl-red-a,2nd In B Rose Bowl Red A,2nd-in-b-rose-bowl-red,A,1
2nd-in-c-trojan-cardinal-a,2nd In C Trojan Cardinal A,2nd-in-c-trojan-cardinal,A,1
2nd-in-d-route-66-a,2nd In D Route 66 A,2nd-in-d-route-66,A,1
2nd-in-e-temple-city-a,2nd In E Temple City A,2nd-in-e-temple-city,A,1
2nd-in-f-shore-red-a,2nd In F Shore Red A,2nd-in-f-shore-red,A,1
2nd-in-g-orwp-14u-black-a,2nd In G Orwp 14u Black A,2nd-in-g-orwp-14u-black,A,1
2nd-in-h-pride-black-a,2nd In H Pride Black A,2nd-in-h-pride-black,A,1
2nda-orwp-a,2nda Orwp A,2nda-orwp,A,1
2nda-patriot-a,2nda Patriot A,2nda-patriot,A,1
2nda-san-diego-dons-14-black-a,2nda San Diego Dons 14 Black A,2nda-san-diego-dons-14-black,A,1
2ndb-newport-beach-a,2ndb Newport Beach A,2ndb-newport-beach,A,1
2ndb-patriot-red-a,2ndb Patriot Red A,2ndb-patriot-red,A,1
2ndb-sd-eca-a,2ndb SD Eca A,2ndb-sd-eca,A,1
2ndc-hieland-a,2ndc Hieland A,2ndc-hieland,A,1
2ndc-san-diego-dons-a,2ndc San Diego Dons A,2ndc-san-diego-dons,A,1
2ndc-sd-dons-a,2ndc SD Dons A,2ndc-sd-dons,A,1
2ndd-la-premier-a,2ndd LA Premier A,2ndd-la-premier,A,1
2ndd-mission-12a-a,2ndd Mission 12a A,2ndd-mission-12a,A,1
2ndg-pasadena-ac-a,2ndg Pasadena Ac A,2ndg-pasadena-ac,A,1
2ndg-socal-black-a,2ndg SOCAL Black A,2ndg-socal-black,A,1
2ndg-vanguard-blue-a,2ndg Vanguard Blue A,2ndg-vanguard-blue,A,1
2ndg-vegas-renegades-a,2ndg Vegas Renegades A,2ndg-vegas-renegades,A,1
2ndh-nbwp-blue-a,2ndh Nbwp Blue A,2ndh-nbwp-blue,A,1
2ndh-sand-canyon-a,2ndh Sand Canyon A,2ndh-sand-canyon,A,1
2ndh-sj-foundation-a,2ndh SJ Foundation A,2ndh-sj-foundation,A,1
2ndj-los-alamitos-blue-a,2ndj Los Alamitos Blue A,2ndj-los-alamitos-blue,A,1
2ndj-patriot-navy-a,2ndj Patriot Navy A,2ndj-patriot-navy,A,1
2ndj-titans-a,2ndj Titans A,2ndj-titans,A,1
2ndk-north-irvine-black-a,2ndk North Irvine Black A,2ndk-north-irvine-black,A,1
2ndk-south-coast-white-a,2ndk South Coast White A,2ndk-south-coast-white,A,1
2ndl-supreme-a,2ndl Supreme A,2ndl-supreme,A,1
2ndm-american-river-b,2ndm American River B,2ndm-american-river,B,1
2ndm-san-clemente-red-a,2ndm San Clemente Red A,2ndm-san-clemente-red,A,1
2ndn-socal-gold-a,2ndn SOCAL Gold A,2ndn-socal-gold,A,1
2ndr-burlingame-a,2ndr Burlingame A,2ndr-burlingame,A,1
2nds-midpen-a,2nds Midpen A,2nds-midpen,A,1
3-channel-islands-united-gold-a,3 Channel Islands United Gold A,3-channel-islands-united-gold,A,1
3rd-in-a-pv-blue-a,3rd In A Pv Blue A,3rd-in-a-pv-blue,A,1
3rd-in-b-908-blue-a,3rd In B 908 Blue A,3rd-in-b-908-blue,A,1
3rd-in-c-titans-gold-a,3rd In C Titans Gold A,3rd-in-c-titans-gold,A,1
3rd-in-d-south-coast-white-a,3rd In D South Coast White A,3rd-in-d-south-coast-white,A,1
3rd-in-e-ciu-coast-a,3rd In E CIU Coast A,3rd-in-e-ciu-coast,A,1
3rd-in-f-supreme-a,3rd In F Supreme A,3rd-in-f-supreme,A,1
3rd-in-g-pac-a,3rd In G Pac A,3rd-in-g-pac,A,1
3rd-in-h-valley-united-a,3rd In H Valley United A,3rd-in-h-valley-united,A,1
3rda-route-66-a,3rda Route 66 A,3rda-route-66,A,1
3rda-sand-canyon-a,3rda Sand Canyon A,3rda-sand-canyon,A,1
3rda-trilogy-black-a,3rda Trilogy Black A,3rda-trilogy-black,A,1
3rda-vanguard-a,3rda Vanguard A,3rda-vanguard,A,1
3rdb-lamorinda-a,3rdb Lamorinda A,3rdb-lamorinda,A,1
3rdb-san-clemente-black-a,3rdb San Clemente Black A,3rdb-san-clemente-black,A,1
3rdb-trojan-cardinal-a,3rdb Trojan Cardinal A,3rdb-trojan-cardinal,A,1
3rdc-gold-coast-a,3rdc Gold Coast A,3rdc-gold-coast,A,1
3rdc-ovac-a,3rdc OVAC A,3rdc-ovac,A,1
3rdc-rancho-tsunami-blue-a,3rdc Rancho Tsunami Blue A,3rdc-rancho-tsunami-blue,A,1
3rdd-pride-red-a,3rdd Pride Red A,3rdd-pride-red,A,1
3rdd-san-diego-shores-a,3rdd San Diego Shores A,3rdd-san-diego-shores,A,1
3rdd-titans-a,3rdd Titans A,3rdd-titans,A,1
3rdg-alameda-a,3rdg Alameda A,3rdg-alameda,A,1
3rdg-ocwpc-blue-a,3rdg OCWPC Blue A,3rdg-ocwpc-blue,A,1
3rdg-palos-verdes-a,3rdg Palos Verdes A,3rdg-palos-verdes,A,1
3rdh-lamorinda-b,3rdh Lamorinda B,3rdh-lamorinda,B,1
3rdh-vanguard-blue-a,3rdh Vanguard Blue A,3rdh-vanguard-blue,A,1
3rdj-channel-islands-united-gold-a,3rdj Channel Islands United Gold A,3rdj-channel-islands-united-gold,A,1
3rdj-cvu-a,3rdj Cvu A,3rdj-cvu,A,1
3rdj-nbwp-white-a,3rdj Nbwp White A,3rdj-nbwp-white,A,1
3rdk-hieland-a,3rdk Hieland A,3rdk-hieland,A,1
3rdk-vanguard-b,3rdk Vanguard B,3rdk-vanguard,B,1
3rdl-680-c,3rdl 680 C,3rdl-680,C,1
3rdm-cmac-a,3rdm Cmac A,3rdm-cmac,A,1
3rdm-north-irvine-b,3rdm North Irvine B,3rdm-north-irvine,B,1
3rdn-renegades-a,3rdn Renegades A,3rdn-renegades,A,1
3rdr-lamorinda-c,3rdr Lamorinda C,3rdr-lamorinda,C,1
3rds-tri-valley-tritons-a,3rds Tri Valley Tritons A,3rds-tri-valley-tritons,A,1
4th-in-a-rose-bowl-black-a,4th In A Rose Bowl Black A,4th-in-a-rose-bowl-black,A,1
4th-in-b-trojan-gold-a,4th In B Trojan Gold A,4th-in-b-trojan-gold,A,1
4th-in-c-foothill-black-a,4th In C Foothill Black A,4th-in-c-foothill-black,A,1
4th-in-d-orwp-red-a,4th In D Orwp Red A,4th-in-d-orwp-red,A,1
4th-in-e-loyola-a,4th In E Loyola A,4th-in-e-loyola,A,1
4th-in-f-ngen-a,4th In F Ngen A,4th-in-f-ngen,A,1
4th-in-g-la-city-united-a,4th In G LA City United A,4th-in-g-la-city-united,A,1
4th-in-h-tsm-a,4th In H Tsm A,4th-in-h-tsm,A,1
4tha-lawpc-a,4tha LAWPC A,4tha-lawpc,A,1
4tha-trojan-gold-a,4tha Trojan Gold A,4tha-trojan-gold,A,1
4thb-riverside-a,4thb Riverside A,4thb-riverside,A,1
4thc-devils-gate-a,4thc Devils Gate A,4thc-devils-gate,A,1
4thc-tsm-a,4thc Tsm A,4thc-tsm,A,1
4thd-cdm-b,4thd CDM B,4thd-cdm,B,1
4thd-set-a,4thd Set A,4thd-set,A,1
6-a,6 A,6,A,1
6-patriot-navy-a,6 Patriot Navy A,6-patriot-navy,A,1
7-hieland-a,7 Hieland A,7-hieland,A,1
8-san-clemente-red-a,8 San Clemente Red A,8-san-clemente-red,A,1
9-stanford-black-a,9 Stanford Black A,9-stanford-black,A,1
ccwp-a,Ccwp A,ccwp,A,1
eca-a,Eca A,eca,A,1
sd-dons-d,SD Dons D,sd-dons,D,1
sja-a,Sja A,sja,A,1
tsunami-black-a,Tsunami Black A,tsunami-black,A,1
