slug,club,region,locationLabel,rankedTeams,website,websiteStatus,websiteUpdatedAt,websiteSource,reviewNote
680,680 Water Polo,East Bay,,15,https://www.680waterpolo.com/,present_unverified,,Existing WPI registry value,
808,808,Out of State,"Honolulu, HI",1,https://www.iowaterpoloclub.org/,user_supplied,2026-07-28,User-provided club website audit,
908,908,Central Coast,,5,https://tonyazevedo.com/908-club/,user_supplied,2026-07-28,User-provided club website audit,
99-alliance,99 Alliance,Central Valley,"Merced, CA",1,,no_site_found,2026-07-28,User-provided club website audit,User reported no website found.
a-team-called-quest,A Team Called Quest,Los Angeles,"Whittier, CA",1,https://ateamcalled.quest/,user_supplied,2026-07-28,User-provided club website audit,
a-town,A Town,Central Coast,"Atascadero, CA",1,https://www.atownpolo.com/,user_supplied,2026-07-28,User-provided club website audit,
aetos,Aetos,Orange County,,2,https://aetoswpc-com.l.ink/,user_supplied,2026-07-28,User-provided club website audit,
alameda,Alameda Neptunes,East Bay,,6,https://alamedawaterpolo.org/?avia_forced_reroute=1,present_unverified,,Existing WPI registry value,
albuquerque,Albuquerque,Out of State,"Albuquerque, NM",1,https://www.albuquerquewaterpoloclub.com/,user_supplied,2026-07-28,User-provided club website audit,
american-river,American River Water Polo Club,Sacramento,,9,https://www.arwpc.com/,present_unverified,,Existing WPI registry value,
aquatex,Aquatex,Out of State,"Round Rock, TX",1,https://www.gomotionapp.com/team/strra/page/home,user_supplied,2026-07-28,User-provided club website audit,
arroyo-grande,Arroyo Grande,Central Coast,,4,https://sites.google.com/view/arroyograndewaterpoloclub/home,user_supplied,2026-07-28,User-provided club website audit,
asa,ASA,Central Valley,"Merced, CA",1,https://asaaquatics.waterpolocentral.net/,user_supplied,2026-07-28,User-provided club website audit,
asphalt-green,Asphalt Green,Out of State,,6,https://www.asphaltgreen.org/aquatics/water-polo/,verified_official,,Official Asphalt Green Water Polo page,
atherton,Atherton,Peninsula / San Francisco,"Atherton, CA",1,,no_site_found,2026-07-28,User-provided club website audit,User reported no website found.
atwater,Atwater,Central Valley,"Atwater, CA",1,,no_site_found,2026-07-28,User-provided club website audit,User reported no website found.
back-bay,Back Bay,Orange County,,5,https://www.backbayaquaticsfoundation.org/,user_supplied,2026-07-28,User-provided club website audit,
bainbridge,Bainbridge,Out of State,"Bainbridge Island, WA",2,https://biwaterpolo.com/,user_supplied,2026-07-28,User-provided club website audit,
barcelona-lions,Barcelona Lions,Out of State,"Barcelona, Spain",3,https://www.barcelonalionswaterpolo.com/,user_supplied,2026-07-28,User-provided club website audit,
berkeley-wpc,Berkeley WPC,East Bay,,1,,no_site_found,2026-07-28,User-provided club website audit,User reported no website found.
big-valley,Big Valley,Central Valley,,3,https://bigvalleywpa.com/,user_supplied,2026-07-28,User-provided club website audit,
brea-olinda,Brea Olinda,Orange County,,1,https://www.breaolindaaquatics.com/,user_supplied,2026-07-28,User-provided club website audit,
brooklyn-hustle,Brooklyn Hustle,Out of State,"Brooklyn, NY",6,https://brooklynwaterpolo.org/,user_supplied,2026-07-28,User-provided club website audit,
bulldog,Bulldog,Central Valley,,3,https://www.bulldogwaterpolo.com/,user_supplied,2026-07-28,User-provided club website audit,
burlingame,Burlingame,Peninsula / San Francisco,"Burlingame, CA",2,https://www.burlingameaquatics.com/programs/competitive/age-group-water-polo,user_supplied,2026-07-28,User-provided club website audit,
cal-rep,Cal Rep,Sacramento,,4,https://calrepublicwpc.com/,user_supplied,2026-07-28,User-provided club website audit,
capital,Capital,Out of State,"Washington, DC",3,https://www.capitalwaterpolo.com/,user_supplied,2026-07-28,User-provided club website audit,
carlsbad,Carlsbad,San Diego,,5,https://www.carlsbadwaterpolo.com/,user_supplied,2026-07-28,User-provided club website audit,
cc-united,CC United,East Bay,,11,https://www.gomotionapp.com/team/wpccup/page/home,present_unverified,,Existing WPI registry value,
cdm,CDM,Orange County,,8,https://www.cdmpolo.com/,user_supplied,2026-07-28,User-provided club website audit,
central-coast,Central Coast,Central Coast,,5,https://slowaterpolo.org/home,user_supplied,2026-07-28,User-provided club website audit,
ciu,Channel Islands United,Central Coast,,9,https://waterpoloroster.com/WaterPoloTeam/GTGVDSDWSKODJSWTVDSDWSKODJKLTA/channel-islands-united,user_supplied,2026-07-28,User-provided club website audit,
chargers,Chargers,Orange County,"Cypress, CA",1,https://chargerswaterpolo.com/,user_supplied,2026-07-28,User-provided club website audit,
chawp,Chawp,Inland Empire,,11,https://chawp.com/,verified_official,,Official CHAWP Aquatics website,
chicago-park,Chicago Park,Out of State,"Chicago, IL",6,https://cpdclubwaterpolo.com/,verified_official,,Official Chicago Park District Water Polo Club website,
cincinnati-marlins,Cincinnati Marlins,Out of State,"Cincinnati, OH",1,https://www.cincy-marlins.com/,user_supplied,2026-07-28,User-provided club website audit,
clovis,Clovis Water Polo Club,Central Valley,"Clovis, CA",12,https://www.cloviswpc.com/,present_unverified,,Existing WPI registry value,
club-daygo,Club Daygo,San Diego,,1,https://www.instagram.com/daygopolo/,user_supplied,2026-07-28,User-provided club website audit,
cmac,Cmac,Orange County,,2,https://www.cmacwaterpolo.com/page/home,user_supplied,2026-07-28,User-provided club website audit,
colorado,Colorado,Out of State,"Denver, CO",3,https://coloradowaterpolo.org/,user_supplied,2026-07-28,User-provided club website audit,
commerce,Commerce Water Polo,Los Angeles,,8,https://www.gomotionapp.com/team/comm/page/home,present_unverified,,Existing WPI registry value,
ct-premier,CT Premier,Out of State,,5,https://www.ctpremierwpc.com/,user_supplied,2026-07-28,User-provided club website audit,
cv-premier,CV Premier,San Diego,,3,https://www.cvpremierwp.com/,user_supplied,2026-07-28,User-provided club website audit,
cvu,CVU,Central Valley,,3,https://playpass.com/central-valley-united-water-polo,user_supplied,2026-07-28,User-provided club website audit,
dart,Dart,Sacramento,"Fairfield, CA",1,https://dartsolanowaterpolo.com/,user_supplied,2026-07-28,User-provided club website audit,
davis,Davis Water Polo Club,Sacramento,,8,https://www.daviswaterpolo.org/,present_unverified,,Existing WPI registry value,
del-mar,Del Mar,San Diego,,1,https://www.delmarwaterpoloclub.com/?srsltid=AfmBOoplnvfnc9qofA0F_Sc8LmE-gx4YFCQyuyifsHOXOCukIidfivqg,user_supplied,2026-07-28,User-provided club website audit,
devils-gate,Devils Gate,Los Angeles,,1,https://devilsgatewaterpolo.com/,user_supplied,2026-07-28,User-provided club website audit,
diablo-alliance,Diablo Alliance,East Bay,,10,https://www.diablowaterpolo.com/,present_unverified,,Existing WPI registry value,
elite,Elite,Los Angeles,,1,https://www.elitewaterpolo.com/,user_supplied,2026-07-28,User-provided club website audit,
elmhurst,Elmhurst,Out of State,"Elmhurst, IL",5,https://www.elmhurstaquatics.org/,user_supplied,2026-07-28,User-provided club website audit,
farallon,Farallon,Peninsula / San Francisco,,1,https://farallonaquatics.org/water-polo,user_supplied,2026-07-28,User-provided club website audit,
foothill,Foothill,Orange County,,8,https://foothillclubwaterpolo.org/,user_supplied,2026-07-28,User-provided club website audit,
foothill-club,Foothill Club Water Polo,Orange County,,2,https://foothillclubwaterpolo.org/,present_unverified,,Existing WPI registry value,
gold-coast,Gold Coast,Central Coast,,1,https://www.goldcoastwaterpoloclub.com/,user_supplied,2026-07-28,User-provided club website audit,
great-lakes-aquatics,Great Lakes Aquatics,Out of State,"Grand Rapids, MI",2,https://glaquatics.com/,user_supplied,2026-07-28,User-provided club website audit,
greenwich,Greenwich,Out of State,,11,https://greenwichaquaticswaterpolo.com/,verified_official,,Official Greenwich Aquatics Water Polo website,
hawaiian-islands,Hawaiian Islands,Out of State,"Honolulu, HI",1,https://www.hawaiiwaterpolo.com/,user_supplied,2026-07-28,User-provided club website audit,
hieland,Hieland,Orange County,,2,https://www.hielandwpc.com/,user_supplied,2026-07-28,User-provided club website audit,
hilo-grammaz,Hilo Grammaz,Out of State,"Hilo, HI",1,https://docs.google.com/forms/d/e/1FAIpQLSdh4ysHgC6SEtHD-2hFx6qmDP0oj6KfHcJAi8bFPRPlbPirXg/viewform,user_supplied,2026-07-28,User-provided club website audit,
hilo-hammahz,Hilo Hammahz,Out of State,"Hilo, HI",1,https://docs.google.com/forms/d/e/1FAIpQLSdh4ysHgC6SEtHD-2hFx6qmDP0oj6KfHcJAi8bFPRPlbPirXg/viewform,user_supplied,2026-07-28,User-provided club website audit,
honolulu-water-polo,Honolulu Water Polo,Out of State,,6,https://www.hnlwaterpolo.org/,verified_official,,Official Honolulu Water Polo website,
imperial,Imperial,Inland Empire,,2,https://imperialwaterpolo.com/,user_supplied,2026-07-28,User-provided club website audit,
innis-arden,Innis Arden,Out of State,,2,https://www.innisardenswimclub.com/water-polo/,user_supplied,2026-07-28,User-provided club website audit,
kearns,Kearns,Out of State,"Kearns, UT",5,https://www.kearnswaterpolo.com/,user_supplied,2026-07-28,User-provided club website audit,
kern-premier,Kern Premier,Central Valley,Central California,4,https://wwvv.kernpremier.com/,user_supplied,2026-07-28,User-provided club website audit,
kingsburg,Kingsburg,Central Valley,,2,https://kingsburg.waterpolocentral.net/,user_supplied,2026-07-28,User-provided club website audit,
la-jolla-united,La Jolla United,San Diego,,15,https://lajollaunited.com/,present_unverified,,Existing WPI registry value,
la-premier,LA Premier,Los Angeles,,5,https://www.premierwaterpolo.com/,user_supplied,2026-07-28,User-provided club website audit,
laguna-beach,Laguna Beach,Orange County,,3,https://www.lagunabeachwaterpolo.com/,user_supplied,2026-07-28,User-provided club website audit,
lamorinda-brentwood,Lamorinda Brentwood,East Bay,"Brentwood, CA",1,https://www.lamobrentwood.org/,user_supplied,2026-07-28,User-provided club website audit,
lamorinda,Lamorinda Water Polo,East Bay,,15,https://www.lamorindawaterpolo.org/,present_unverified,,Existing WPI registry value,
legacy,Legacy,Central Coast,,3,https://www.legacywpc.org/,user_supplied,2026-07-28,User-provided club website audit,
lokahi,Lokahi,Out of State,"Honolulu, HI",2,https://waterpoloroster.com/WaterPoloTeam/WSKODJATPRSWTEDJYPVDSDEDJYPBRC/lokahi-water-polo-club,user_supplied,2026-07-28,User-provided club website audit,
long-beach-shore,Long Beach Shore,Los Angeles,,7,https://www.gomotionapp.com/team/shoreaquatics/page/home,verified_official,,Official Long Beach Shore Aquatics website,
longhorn,Longhorn,Out of State,"Austin, TX",5,https://longhornaquatics.utexas.edu/programs/water-polo,user_supplied,2026-07-28,User-provided club website audit,
los-alamitos,Los Alamitos,Orange County,,3,https://www.losalamitosaquaticsfoundation.org/,user_supplied,2026-07-28,User-provided club website audit,
lowpo,LOWPO,Out of State,,5,https://lowpo.org/,user_supplied,2026-07-28,User-provided club website audit,
loyola-wpc,Loyola WPC,Los Angeles,,2,https://loyolawpclub.com/,user_supplied,2026-07-28,User-provided club website audit,
lv-legends,LV Legends,Los Angeles,,2,https://www.lvlegendswaterpoloclub.com/,user_supplied,2026-07-28,User-provided club website audit,
lyons-aquatics,Lyons Aquatics,Out of State,"Western Springs, IL",6,https://www.gomotionapp.com/team/illa/page/home,verified_official,,Official LYONS Aquatics website,
mavericks,Mavericks,Peninsula / San Francisco,,3,https://www.maverickswaterpoloclub.com/,user_supplied,2026-07-28,User-provided club website audit,
meridian,Meridian,East Bay,,1,https://meridianwpc.org/,user_supplied,2026-07-28,User-provided club website audit,
mesa,Mesa,Out of State,"Mesa, AZ",2,https://www.mesawaterpolo.com/,user_supplied,2026-07-28,User-provided club website audit,
miami-riptides,Miami Riptides,Out of State,"Miami, FL",1,https://www.miamiriptides.com/,user_supplied,2026-07-28,User-provided club website audit,
mid-pen,Mid Pen,Peninsula / San Francisco,,1,https://www.mpwaterpolo.com/,user_supplied,2026-07-28,User-provided club website audit,
mid-valley,Mid Valley,Los Angeles,,5,https://www.mvpolo.org/,user_supplied,2026-07-28,User-provided club website audit,
mission,Mission WPC,Orange County,,8,https://missionwpc.com/home,present_unverified,,Existing WPI registry value,
moose,Moose,Out of State,"Liberty Township, OH",2,https://www.moose.team/,user_supplied,2026-07-28,User-provided club website audit,
narrows,Narrows,Out of State,"Tacoma, WA",1,https://www.narrowswaterpolo.com/,user_supplied,2026-07-28,User-provided club website audit,
navy,Navy,Out of State,"Annapolis, MD",1,https://navyacwaterpolo.org/,user_supplied,2026-07-28,User-provided club website audit,
nc-select,Nc Select,Out of State,"Greensboro, NC",1,https://carolinawaterpolo.com/,user_supplied,2026-07-28,User-provided club website audit,
new-trier,New Trier,Out of State,"Winnetka, IL",1,https://www.newtrieraquatics.org/mission/water-polo-programming,user_supplied,2026-07-28,User-provided club website audit,
newberg,Newberg,Out of State,"Newberg, OR",1,https://www.newbergwaterpolo.com/,user_supplied,2026-07-28,User-provided club website audit,
newport-beach,Newport Beach Water Polo,Orange County,,13,https://www.newportbeachwaterpolo.com/,present_unverified,,Existing WPI registry value,
nipc,NIPC,Out of State,"Mundelein, IL",5,https://www.patriotaquaticclub.captynsites.com/nipc-programs,user_supplied,2026-07-28,User-provided club website audit,
norcal,NorCal Aquatics,Peninsula / San Francisco,,10,https://www.norcal-aquatics.com/,present_unverified,,Existing WPI registry value,
norco,Norco,Inland Empire,,4,https://norcowaterpolo.waterpolocentral.net/,user_supplied,2026-07-28,User-provided club website audit,
north-idaho,North Idaho,Out of State,"Coeur d'Alene, ID",2,https://www.northidahowaterpolo.org/,user_supplied,2026-07-28,User-provided club website audit,
north-irvine,North Irvine WPC,Orange County,,8,https://www.gomotionapp.com/team/niwpc/page/home,present_unverified,,Existing WPI registry value,
northwest,Northwest,Out of State,,3,https://www.northwestwaterpoloclub.com/,user_supplied,2026-07-28,User-provided club website audit,
nsd-stars,Nsd Stars,San Diego,,1,https://starswaterpolo.com/,user_supplied,2026-07-28,User-provided club website audit,
nwc,Nwc,Out of State,"Palatine, IL",1,https://nwcpolo.weebly.com/,user_supplied,2026-07-28,User-provided club website audit,
oahu,Oahu,Out of State,"Honolulu, HI",2,https://www.oahuwaterpoloclub.org/,user_supplied,2026-07-28,User-provided club website audit,
ohana,Ohana,Orange County,"Los Alamitos, CA",1,https://www.ohanawpa.org/,user_supplied,2026-07-28,User-provided club website audit,
olympus,Olympus,Out of State,"Salt Lake City, UT",1,https://www.olympusaquaticswaterpolo.com/,user_supplied,2026-07-28,User-provided club website audit,
ocwpc,Orange County Water Polo Club,Orange County,,5,https://ocwpc.com/,present_unverified,,Existing WPI registry value,
orwp,ORWP,Los Angeles,,6,https://www.orwp.us/,user_supplied,2026-07-28,User-provided club website audit,
pac-premier,PAC Premier,Orange County,,1,https://pacvalleypremierwpc.com/,user_supplied,2026-07-28,User-provided club website audit,
pacific-valley-premier,Pacific Valley Premier,Peninsula / San Francisco,"San Jose, CA",2,https://pacvalleypremierwpc.com/,user_supplied,2026-07-28,User-provided club website audit,
park-city,Park City,Out of State,"Park City, UT",1,https://www.parkcitywaterpolo.com/,user_supplied,2026-07-28,User-provided club website audit,
pasadena-ac,Pasadena AC,Los Angeles,,1,https://www.pasadenaaquaticsclub.org/,user_supplied,2026-07-28,User-provided club website audit,
patriot,Patriot Aquatics,Orange County,,9,https://patriotaquatics.org/,present_unverified,,Existing WPI registry value,
pegasus,Pegasus,Peninsula / San Francisco,,4,https://www.pegasuswaterpolo.org/,user_supplied,2026-07-28,User-provided club website audit,
placer,Placer,Sacramento,"Rocklin, CA",1,https://www.placerwaterpolo.com/,user_supplied,2026-07-28,User-provided club website audit,
praetorian,Praetorian,Central Valley,,7,https://www.praetorianwaterpolo.com/,verified_official,,Official Praetorian Water Polo Club website,
pride,Pride Water Polo,Inland Empire,,2,https://www.pridewaterpolo.com/page/home,present_unverified,,Existing WPI registry value,
princeton,Princeton,Out of State,"Princeton, NJ",1,https://goprincetontigers.com/sports/mens-water-polo,user_supplied,2026-07-28,User-provided club website audit,
puget-sound,Puget Sound,Out of State,"Tacoma, WA",3,https://www.pugetsoundpolo.com/,user_supplied,2026-07-28,User-provided club website audit,
punahou,Punahou,Out of State,"Honolulu, HI",6,https://www.punahou.edu/athletics/sports-programs/water-polo,user_supplied,2026-07-28,User-provided club website audit,
pv-wpc,PV WPC,Los Angeles,,5,https://www.ovaquaticsclub.com/,user_supplied,2026-07-28,User-provided club website audit,
rain-city,Rain City,Out of State,"Seattle, WA",5,https://www.raincitypolo.com/,user_supplied,2026-07-28,User-provided club website audit,
rancho-tsunami,Rancho Tsunami Water Polo Club,Inland Empire,,6,https://www.ranchotsunami.com/,present_unverified,,Existing WPI registry value,
regency,Regency,Orange County,,2,https://www.regencywaterpolo.com/,user_supplied,2026-07-28,User-provided club website audit,
rise,Rise,Out of State,"Broomfield, CO",1,https://www.risewaterpolo.com/,user_supplied,2026-07-28,User-provided club website audit,
rogue-619,Rogue 619,San Diego,,1,https://sites.google.com/view/rogue619waterpolo/home,user_supplied,2026-07-28,User-provided club website audit,
rose-bowl,Rose Bowl Water Polo Club,Los Angeles,,9,https://rosebowlaquatics.org/water-polo,present_unverified,,Existing WPI registry value,
route-66,Route 66,Inland Empire,,2,https://route66aquatics.com/waterpolo/,user_supplied,2026-07-28,User-provided club website audit,
sacramento,Sacramento,Sacramento,"Sacramento, CA",4,http://www.sacpolo.com/,user_supplied,2026-07-28,User-provided club website audit,
san-clemente,San Clemente,Orange County,,10,https://sanclementewaterpolo.teamsnapsites.com/,verified_official,,Official San Clemente Water Polo Club website,
sd-dons,San Diego Dons,San Diego,,9,https://sddonspolo.com/,present_unverified,,Existing WPI registry value,
san-diego-shores,San Diego Shores,San Diego,,15,https://sdshores.org/,verified_official,,Official San Diego Shores club website,
san-francisco,San Francisco,Peninsula / San Francisco,,2,https://www.sfwaterpolo.com/,user_supplied,2026-07-28,User-provided club website audit,
san-jose-almaden,San Jose Almaden,Peninsula / San Francisco,"San Jose, CA",1,https://sjawaterpolo.com/,user_supplied,2026-07-28,User-provided club website audit,
san-jose-express,San Jose Express,Peninsula / San Francisco,,10,https://www.sanjoseexpress.org/,verified_official,,Official San Jose Express Aquatics website,
sand-canyon,Sand Canyon,Orange County,,4,https://www.sandcanyonwpc.org/page/home,user_supplied,2026-07-28,User-provided club website audit,
santa-barbara,Santa Barbara Water Polo Club,Central Coast,,13,https://sbwaterpolo.com/,present_unverified,,Existing WPI registry value,
santa-cruz,Santa Cruz,Central Coast,,7,https://santacruzwaterpoloclub.teamsnap.site/,verified_official,,Official Santa Cruz Water Polo Club website,
sd-eca,SD ECA,San Diego,,4,https://sites.google.com/view/sdeastcountyaquatics/home,user_supplied,2026-07-28,User-provided club website audit,
seaside,Seaside,Central Coast,,4,https://www.seasidepolo.club/,user_supplied,2026-07-28,User-provided club website audit,
set,SET Water Polo Club,Orange County,,3,https://www.setwaterpolo.com/,present_unverified,,Existing WPI registry value,
sfv,SFV,Los Angeles,,2,https://www.sfvwaterpolo.com/,user_supplied,2026-07-28,User-provided club website audit,
shaq,SHAQ,Peninsula / San Francisco,,11,https://sleepyhollowaquatics.com/,verified_official,,Official Sleepy Hollow Aquatics / SHAQ website,
sharks,Sharks,Peninsula / San Francisco,,4,https://tpcmsharks.teamsnapsites.com/,user_supplied,2026-07-28,User-provided club website audit,
sj-foundation,SJ Foundation,Peninsula / San Francisco,,4,https://www.sanjosewpf.com/,user_supplied,2026-07-28,User-provided club website audit,
skip,Skip,Central Valley,,1,https://www.gomotionapp.com/team/ccmsst/page/skip-water-polo,user_supplied,2026-07-28,User-provided club website audit,
slap,SLAP,Out of State,"St. Louis, MO",2,https://www.stlouisareapolo.com/,user_supplied,2026-07-28,User-provided club website audit,
smac,Smac,Los Angeles,,1,https://www.sanmateoaquaticsclub.com/,user_supplied,2026-07-28,User-provided club website audit,
socal,SOCAL Water Polo,Orange County,,6,https://www.socalwaterpolo.org/,present_unverified,,Existing WPI registry value,
south-coast,South Coast Aquatics,Orange County,,10,https://www.southcoastaquatics.com/,present_unverified,,Existing WPI registry value,
south-valley,South Valley,Central Valley,"Visalia, CA",1,https://www.sovawaterpolo.com/,user_supplied,2026-07-28,User-provided club website audit,
southside,Southside,Out of State,"Rosharon, TX",3,https://www.southsidewpc.com/,user_supplied,2026-07-28,User-provided club website audit,
stanford,Stanford Water Polo Club,Peninsula / San Francisco,,16,https://www.stanfordwaterpoloclub.com/,present_unverified,,Existing WPI registry value,
supreme,Supreme,Los Angeles,,1,https://www.supremewaterpolo.com/,user_supplied,2026-07-28,User-provided club website audit,
surf-city,Surf City,Orange County,"Huntington Beach, CA",1,https://www.surfcitywpc.com/,user_supplied,2026-07-28,User-provided club website audit,
swift,Swift,Out of State,"Palatine, IL",1,https://www.gomotionapp.com/team/ilswift/page/-polo-/missionvision,user_supplied,2026-07-28,User-provided club website audit,
t-hills,T Hills,Out of State,"Beaverton, OR",1,https://tualatinhillswaterpoloclub.teamsnap.site/,user_supplied,2026-07-28,User-provided club website audit,
team-vegas,Team Vegas,Out of State,"Las Vegas, NV",1,https://www.teamvegaswaterpolo.com/,user_supplied,2026-07-28,User-provided club website audit,
temple-city,Temple City,Los Angeles,,5,https://www.tcaquatics.com/,user_supplied,2026-07-28,User-provided club website audit,
third-coast,Third Coast,Out of State,"Hudsonville, MI",4,https://www.thirdcoastaquatics.com/,user_supplied,2026-07-28,User-provided club website audit,
thunder,Thunder,Out of State,,8,https://www.thunderpolo.com/,user_supplied,2026-07-28,User-provided club website audit,
titans,Titans,Los Angeles,,1,https://titanswaterpoloclub.com/,user_supplied,2026-07-28,User-provided club website audit,
topaz-tsunami,Topaz Tsunami,Out of State,"Las Vegas, NV",5,https://topazwaterpoloclub.sportngin.com/,user_supplied,2026-07-28,User-provided club website audit,
tri-valley-tritons,Tri-Valley Tritons,East Bay,"Pleasanton, CA",4,https://www.tritonaquatics.org/,user_supplied,2026-07-28,User-provided club website audit,
trilogy,Trilogy,San Diego,,1,https://trilogywaterpolo.com/,user_supplied,2026-07-28,User-provided club website audit,
trojan,Trojan,Los Angeles,,7,https://www.gomotionapp.com/team/catwp/page/home,verified_official,,Official Trojan Water Polo website,
tsm,TSM,Los Angeles,,1,https://tsmaquatics.org/,user_supplied,2026-07-28,User-provided club website audit,
turul,Turul,Central Valley,"Ripon, CA",2,https://riponaquatics.com/programs/,user_supplied,2026-07-28,User-provided club website audit,
vanguard,Vanguard Aquatics,Orange County,,7,https://vanguardaquatics.com/,present_unverified,,Existing WPI registry value,
vegas-patriot,Vegas Patriot,Out of State,"Las Vegas, NV",1,,missing,2026-07-28,User-provided club website audit,No website URL was supplied.
vegas-renegades,Vegas Renegades,Out of State,,1,https://www.renegadeswaterpolo.org/,user_supplied,2026-07-28,User-provided club website audit,
viking,Viking,Los Angeles,,4,https://www.gomotionapp.com/team/cava/page/water-polo-groups,user_supplied,2026-07-28,User-provided club website audit,
viper-pigeon,Viper Pigeon,Out of State,"Houston, TX",5,https://www.vpwaterpolo.com/,user_supplied,2026-07-28,User-provided club website audit,
visalia-united,Visalia United,Central Valley,"Visalia, CA",3,https://visaliaunitedwpc.com/,user_supplied,2026-07-28,User-provided club website audit,
wcac-united,Wcac United,Out of State,,8,https://www.gomotionapp.com/team/mawaac/page/home,verified_official,,Official Wissahickon Community Aquatic Club website,
west-valley,West Valley,Peninsula / San Francisco,"San Jose, CA",3,https://www.westvalleywaterpolo.com/,user_supplied,2026-07-28,User-provided club website audit,
whittier,Whittier,Los Angeles,,2,https://www.whittierwaterpolo.com/,user_supplied,2026-07-28,User-provided club website audit,
wildkit,Wildkit,Out of State,"Evanston, IL",1,https://wildkitpolo.com/,user_supplied,2026-07-28,User-provided club website audit,
wolverine,Wolverine,Out of State,"Ann Arbor, MI",2,https://wolverinewaterpolo.com/,user_supplied,2026-07-28,User-provided club website audit,
yeti,Yeti,Los Angeles,,1,https://yetiwaterpolo.com/,user_supplied,2026-07-28,User-provided club website audit,
yolo,Yolo,East Bay,,1,https://yolopolo.org/,user_supplied,2026-07-28,User-provided club website audit,
ypro,YPro,Out of State,"Brooklyn, NY",1,https://www.yprowaterpolo.com/,user_supplied,2026-07-28,User-provided club website audit,
