source_team_id,collapsed_to
19-route-66-aquatics-a,route-66-a
1st-in-a-la-premier-a,la-premier-a
1st-in-b-pv-black-a,1st-in-b-pv-a
1st-in-c-ciu-gold-a,1st-in-c-ciu-a
1st-in-d-908-yellow-a,908-a
1st-in-e-commerce-a,commerce-a
1st-in-h-south-coast-red-a,south-coast-a
1sta-brea-olinda-gold-a,1sta-brea-olinda-a
1sta-mission-a,mission-wpc-a
1sta-north-irvine-red-a,north-irvine-a
1stb-la-jolla-united-a,la-jolla-united-a
1stb-newport-beach-blue-a,newport-beach-a
1stb-orange-county-wpc-b,ocwpc-b
1stc-norcal-a,norcal-a
1stc-vanguard-blue-a,vanguard-a
1stc-vanguard-silver-a,vanguard-a
1std-alameda-a,alameda-a
1std-mission-a,mission-wpc-a
1std-newport-beach-silver-a,newport-beach-a
1ste-908-a,908-a
1stf-commerce-a,commerce-a
1stg-lawpc-a,lawpc-a
1stg-mission-wpc-a,mission-wpc-a
1stg-north-irvine-a,north-irvine-a
1stg-patriot-navy-a,patriot-a
1stg-poway-valley-black-a,1stg-poway-valley-a
1sth-ccu-a,cc-united-a
1sth-mission-wpc-a,mission-wpc-a
1sth-skip-a,skip-a
1stj-cdm-a,cdm-a
1stj-diablo-alliance-b,diablo-alliance-b
1stj-la-jolla-united-navy-a,la-jolla-united-a
1stk-680-b,680-b
1stk-tsunami-blue-a,1stk-tsunami-a
1stl-norcal-b,norcal-b
1stm-back-bay-a,back-bay-a
1stm-stanford-c,stanford-c
1stn-mission-wpc-b,mission-wpc-b
1stq-ocwpc-red-b,ocwpc-b
1str-cc-united-white-a,cc-united-a
1str-patriot-red-b,patriot-b
1sts-stanford-white-a,stanford-a
20-devil-s-gate-a,devils-gate-a
24-pride-red-a,pride-a
25-american-river-blue-a,american-river-a
26-south-coast-white-b,south-coast-b
2nd-in-a-foothill-red-a,foothill-a
2nd-in-b-rose-bowl-red-a,rose-bowl-a
2nd-in-c-trojan-cardinal-a,trojan-a
2nd-in-d-route-66-a,route-66-a
2nd-in-e-temple-city-a,temple-city-a
2nd-in-f-shore-red-a,2nd-in-f-shore-a
2nd-in-g-orwp-14u-black-a,2nd-in-g-orwp-14u-a
2nd-in-h-pride-black-a,pride-a
2nda-patriot-a,patriot-a
2nda-san-diego-dons-14-black-a,sd-dons-a
2ndb-newport-beach-a,newport-beach-a
2ndb-patriot-red-a,patriot-a
2ndc-san-diego-dons-a,sd-dons-a
2ndc-sd-dons-a,sd-dons-a
2ndd-la-premier-a,la-premier-a
2ndd-mission-12a-a,mission-wpc-a
2ndg-socal-black-a,socal-a
2ndg-vanguard-blue-a,vanguard-a
2ndg-vegas-renegades-a,renegades-a
2ndh-nbwp-blue-a,2ndh-nbwp-a
2ndh-sj-foundation-a,sj-foundation-a
2ndj-los-alamitos-blue-a,los-alamitos-a
2ndj-patriot-navy-a,patriot-a
2ndj-titans-a,titans-a
2ndk-north-irvine-black-a,north-irvine-a
2ndk-south-coast-white-a,south-coast-a
2ndl-supreme-a,supreme-a
2ndm-american-river-b,american-river-b
2ndm-san-clemente-red-a,san-clemente-a
2ndn-socal-gold-b,socal-b
2ndp-set-a,set-a
2ndq-san-clemente-black-b,san-clemente-b
2ndr-vanguard-silver-b,vanguard-b
3-channel-islands-united-gold-a,3-channel-islands-united-a
3rd-in-a-pv-blue-b,3rd-in-a-pv-b
3rd-in-b-908-blue-b,908-b
3rd-in-c-titans-gold-a,titans-a
3rd-in-d-south-coast-white-b,south-coast-b
3rd-in-f-supreme-a,supreme-a
3rda-route-66-a,route-66-a
3rda-trilogy-black-a,3rda-trilogy-a
3rda-vanguard-a,vanguard-a
3rdb-lamorinda-a,lamorinda-a
3rdb-san-clemente-black-a,san-clemente-a
3rdb-trojan-cardinal-a,trojan-a
3rdc-ovac-a,ovac-a
3rdc-rancho-tsunami-blue-a,rancho-tsunami-a
3rdd-pride-red-a,pride-a
3rdd-san-diego-shores-a,san-diego-shores-a
3rdd-titans-a,titans-a
3rdg-alameda-a,alameda-a
3rdg-ocwpc-blue-a,ocwpc-a
3rdh-lamorinda-b,lamorinda-b
3rdh-vanguard-blue-a,vanguard-a
3rdj-channel-islands-united-gold-a,3rdj-channel-islands-united-a
3rdj-cvu-a,cvu-a
3rdj-nbwp-white-b,3rdj-nbwp-b
3rdk-vanguard-b,vanguard-b
3rdl-680-c,680-c
3rdm-north-irvine-b,north-irvine-b
3rdn-renegades-a,renegades-a
3rdp-north-irvine-red-b,north-irvine-b
3rdr-lamorinda-c,lamorinda-c
3rdr-san-clemente-white-c,san-clemente-c
4th-in-a-rose-bowl-black-b,rose-bowl-b
4th-in-b-trojan-gold-b,trojan-b
4th-in-c-foothill-black-b,foothill-b
4th-in-d-orwp-red-b,4th-in-d-orwp-b
4tha-lawpc-a,lawpc-a
4tha-trojan-gold-a,trojan-a
4thb-riverside-a,riverside-a
4thc-devils-gate-a,devils-gate-a
4thd-cdm-b,cdm-b
4thd-set-a,set-a
6-patriot-navy-a,patriot-a
8-san-clemente-red-a,san-clemente-a
9-stanford-black-a,stanford-a
908-blue-a,908-a
908-blue-b,908-b
908-green-a,908-a
908-yellow-a,908-a
brea-olinda-gold-a,brea-olinda-a
cdm-white-a,cdm-a
channel-islands-united-gold-a,channel-islands-united-a
ciu-gold-a,ciu-a
clovis-red,clovis-a
ct-premier-a,la-premier-a
devil-s-gate-a,devils-gate-a
honolulu-blue-a,honolulu-a
la-jolla-united-gold-a,la-jolla-united-a
nbwp-blue-a,nbwp-a
nbwp-white-b,nbwp-b
ocwpc-blue-a,ocwpc-a
orange-county-wpc-b,ocwpc-b
orange-county-wpc-blue-a,ocwpc-a
orwp-14u-black-a,orwp-14u-a
orwp-red-b,orwp-b
poway-valley-black-a,poway-valley-a
pride-black-a,pride-a
pride-red-a,pride-a
pv-black-a,pv-a
pv-blue-b,pv-b
rancho-tsunami-blue-a,rancho-tsunami-a
rose-bowl-black-a,rose-bowl-a
rose-bowl-black-b,rose-bowl-b
rose-bowl-red-a,rose-bowl-a
route-66-aquatics-a,route-66-a
san-clem-red-a,san-clem-a
san-clemente-black-a,san-clemente-a
san-clemente-black-b,san-clemente-b
san-clemente-red-a,san-clemente-a
san-clemente-white-c,san-clemente-c
san-diego-dons-14-black-a,sd-dons-a
san-jose-express-blue-a,sj-express-a
san-jose-foundation-black-a,san-jose-foundation-a
san-jose-foundation-blue-a,san-jose-foundation-a
sand-canyon-red-a,sand-canyon-a
sd-shores-black-a,san-diego-shores-a
sd-shores-gold-a,san-diego-shores-a
shaq-blue-a,shaq-a
shaq-white-a,shaq-a
shore-red-a,shore-a
socal-black-a,socal-a
socal-gold-b,socal-b
south-coast-blue-c,south-coast-c
stanford-13-a,stanford-a
titans-gold-a,titans-a
trilogy-black-a,trilogy-a
triton-gold-a,triton-a
trojan-cardinal-a,trojan-a
trojan-gold-a,trojan-a
trojan-gold-b,trojan-b
tsunami-black-a,tsunami-a
tsunami-blue-a,tsunami-a
