team_id,name,club_id,level,games_observed,ranking_eligible,aliases
11-a,11 A,11,A,1,False,11; 11 A; 11-a
15-a,15 A,15,A,1,False,15; 15 A; 15-a
19-route-66-aquatics-a,19 Route 66 Aquatics A,19-route-66-aquatics,A,1,False,19 Route 66 Aquatics; 19 Route 66 Aquatics A; 19-route-66-aquatics; 19-route-66-aquatics-a
1st-in-a-la-premier-a,1st In A LA Premier A,1st-in-a-la-premier,A,1,False,1st In A LA Premier; 1st In A LA Premier A; 1st-in-a-la-premier; 1st-in-a-la-premier-a
1st-in-b-pv-black-a,1st In B Pv Black A,1st-in-b-pv-black,A,1,False,1st In B Pv Black; 1st In B Pv Black A; 1st-in-b-pv-black; 1st-in-b-pv-black-a
1st-in-c-ciu-gold-a,1st In C CIU Gold A,1st-in-c-ciu-gold,A,1,False,1st In C CIU Gold; 1st In C CIU Gold A; 1st-in-c-ciu-gold; 1st-in-c-ciu-gold-a
1st-in-d-908-yellow-a,1st In D 908 Yellow A,1st-in-d-908-yellow,A,1,False,1st In D 908 Yellow; 1st In D 908 Yellow A; 1st-in-d-908-yellow; 1st-in-d-908-yellow-a
1st-in-e-commerce-a,1st In E Commerce A,1st-in-e-commerce,A,1,False,1st In E Commerce; 1st In E Commerce A; 1st-in-e-commerce; 1st-in-e-commerce-a
1st-in-f-sbwpc-a,1st In F Sbwpc A,1st-in-f-sbwpc,A,1,False,1st In F Sbwpc A; 1st-in-f-sbwpc-a
1st-in-g-gate-14u-a,1st In G Gate 14u A,1st-in-g-gate-14u,A,1,False,1st In G Gate 14u; 1st In G Gate 14u A; 1st-in-g-gate-14u; 1st-in-g-gate-14u-a
1st-in-h-south-coast-red-a,1st In H South Coast Red A,1st-in-h-south-coast-red,A,1,False,1st In H South Coast Red; 1st In H South Coast Red A; 1st-in-h-south-coast-red; 1st-in-h-south-coast-red-a
1sta-brea-olinda-gold-a,1sta Brea Olinda Gold A,1sta-brea-olinda-gold,A,1,False,1sta Brea Olinda Gold; 1sta Brea Olinda Gold A; 1sta-brea-olinda-gold; 1sta-brea-olinda-gold-a
1sta-ciu-a,1sta CIU A,1sta-ciu,A,1,False,1sta CIU; 1sta CIU A; 1sta-ciu; 1sta-ciu-a
1sta-mission-a,1sta Mission A,1sta-mission,A,1,False,1sta Mission A; 1sta-mission-a
1sta-north-irvine-red-a,1sta North Irvine Red A,1sta-north-irvine-red,A,1,False,1sta North Irvine Red; 1sta North Irvine Red A; 1sta-north-irvine-red; 1sta-north-irvine-red-a
1stb-la-jolla-united-a,1stb LA Jolla United A,1stb-la-jolla-united,A,1,False,1stb LA Jolla United A; 1stb-la-jolla-united-a
1stb-newport-beach-blue-a,1stb Newport Beach Blue A,1stb-newport-beach-blue,A,1,False,1stb Newport Beach Blue; 1stb Newport Beach Blue A; 1stb-newport-beach-blue; 1stb-newport-beach-blue-a
1stb-orange-county-wpc-b,1stb Orange County Wpc B,1stb-orange-county-wpc,B,1,False,1stb Orange County Wpc B; 1stb-orange-county-wpc-b
1stc-norcal-a,1stc Norcal A,1stc-norcal,A,1,False,1stc Norcal A; 1stc-norcal-a
1stc-vanguard-blue-a,1stc Vanguard Blue A,1stc-vanguard-blue,A,1,False,1stc Vanguard Blue; 1stc Vanguard Blue A; 1stc-vanguard-blue; 1stc-vanguard-blue-a
1stc-vanguard-silver-a,1stc Vanguard Silver A,1stc-vanguard-silver,A,1,False,1stc Vanguard Silver; 1stc Vanguard Silver A; 1stc-vanguard-silver; 1stc-vanguard-silver-a
1std-alameda-a,1std Alameda A,1std-alameda,A,1,False,1std Alameda; 1std Alameda A; 1std-alameda; 1std-alameda-a
1std-mission-a,1std Mission A,1std-mission,A,1,False,1std Mission A; 1std-mission-a
1std-newport-beach-silver-a,1std Newport Beach Silver A,1std-newport-beach-silver,A,1,False,1std Newport Beach Silver; 1std Newport Beach Silver A; 1std-newport-beach-silver; 1std-newport-beach-silver-a
1ste-908-a,1ste 908 A,1ste-908,A,1,False,1ste 908; 1ste 908 A; 1ste-908; 1ste-908-a
1stf-commerce-a,1stf Commerce A,1stf-commerce,A,1,False,1stf Commerce; 1stf Commerce A; 1stf-commerce; 1stf-commerce-a
1stg-lawpc-a,1stg LAWPC A,1stg-lawpc,A,1,False,1stg LAWPC; 1stg LAWPC A; 1stg-lawpc; 1stg-lawpc-a
1stg-mission-wpc-a,1stg Mission Wpc A,1stg-mission-wpc,A,1,False,1stg Mission Wpc A; 1stg-mission-wpc-a
1stg-north-irvine-a,1stg North Irvine A,1stg-north-irvine,A,1,False,1stg North Irvine A; 1stg-north-irvine-a
1stg-patriot-navy-a,1stg Patriot Navy A,1stg-patriot-navy,A,1,False,1stg Patriot Navy; 1stg Patriot Navy A; 1stg-patriot-navy; 1stg-patriot-navy-a
1stg-poway-valley-black-a,1stg Poway Valley Black A,1stg-poway-valley-black,A,1,False,1stg Poway Valley Black; 1stg Poway Valley Black A; 1stg-poway-valley-black; 1stg-poway-valley-black-a
1sth-ccu-a,1sth Ccu A,1sth-ccu,A,1,False,1sth Ccu A; 1sth-ccu-a
1sth-gold-coast-a,1sth Gold Coast A,1sth-gold-coast,A,1,False,1sth Gold Coast; 1sth Gold Coast A; 1sth-gold-coast; 1sth-gold-coast-a
1sth-mission-wpc-a,1sth Mission Wpc A,1sth-mission-wpc,A,1,False,1sth Mission Wpc; 1sth Mission Wpc A; 1sth-mission-wpc; 1sth-mission-wpc-a
1sth-skip-a,1sth SKIP A,1sth-skip,A,1,False,1sth SKIP; 1sth SKIP A; 1sth-skip; 1sth-skip-a
1stj-cdm-a,1stj CDM A,1stj-cdm,A,1,False,1stj CDM; 1stj CDM A; 1stj-cdm; 1stj-cdm-a
1stj-diablo-alliance-b,1stj Diablo Alliance B,1stj-diablo-alliance,B,1,False,1stj Diablo Alliance B; 1stj-diablo-alliance-b
1stj-la-jolla-united-navy-a,1stj LA Jolla United Navy A,1stj-la-jolla-united-navy,A,1,False,1stj LA Jolla United Navy; 1stj LA Jolla United Navy A; 1stj-la-jolla-united-navy; 1stj-la-jolla-united-navy-a
1stk-680-b,1stk 680 B,1stk-680,B,1,False,1stk 680 B; 1stk-680-b
1stk-tsunami-blue-a,1stk Tsunami Blue A,1stk-tsunami-blue,A,1,False,1stk Tsunami Blue; 1stk Tsunami Blue A; 1stk-tsunami-blue; 1stk-tsunami-blue-a
1stl-norcal-b,1stl Norcal B,1stl-norcal,B,1,False,1stl Norcal B; 1stl-norcal-b
1stm-back-bay-a,1stm Back Bay A,1stm-back-bay,A,1,False,1stm Back Bay; 1stm Back Bay A; 1stm-back-bay; 1stm-back-bay-a
1stm-stanford-c,1stm Stanford C,1stm-stanford,C,1,False,1stm Stanford C; 1stm-stanford-c
1stn-mission-wpc-a,1stn Mission Wpc A,1stn-mission-wpc,A,1,False,1stn Mission Wpc; 1stn Mission Wpc A; 1stn-mission-wpc; 1stn-mission-wpc-a
1stp-chawp-a,1stp Chawp A,1stp-chawp,A,2,False,1stp Chawp; 1stp Chawp A; 1stp-chawp; 1stp-chawp-a
1stq-ocwpc-red-a,1stq OCWPC Red A,1stq-ocwpc-red,A,2,False,1stq OCWPC Red; 1stq OCWPC Red A; 1stq-ocwpc-red; 1stq-ocwpc-red-a
1str-cc-united-white-a,1str CC United White A,1str-cc-united-white,A,1,False,1str CC United White; 1str CC United White A; 1str-cc-united-white; 1str-cc-united-white-a
1str-patriot-red-a,1str Patriot Red A,1str-patriot-red,A,2,False,1str Patriot Red; 1str Patriot Red A; 1str-patriot-red; 1str-patriot-red-a
1sts-stanford-white-a,1sts Stanford White A,1sts-stanford-white,A,1,False,1sts Stanford White; 1sts Stanford White A; 1sts-stanford-white; 1sts-stanford-white-a
2-a,2 A,2,A,1,False,2; 2 A; 2-a
20-devil-s-gate-a,20 Devil S Gate A,20-devil-s-gate,A,1,False,20 Devil S Gate; 20 Devil S Gate A; 20-devil-s-gate; 20-devil-s-gate-a
24-pride-red-a,24 Pride Red A,24-pride-red,A,1,False,24 Pride Red; 24 Pride Red A; 24-pride-red; 24-pride-red-a
25-american-river-blue-a,25 American River Blue A,25-american-river-blue,A,1,False,25 American River Blue; 25 American River Blue A; 25-american-river-blue; 25-american-river-blue-a
26-south-coast-white-a,26 South Coast White A,26-south-coast-white,A,1,False,26 South Coast White; 26 South Coast White A; 26-south-coast-white; 26-south-coast-white-a
2nd-in-a-foothill-red-a,2nd In A Foothill Red A,2nd-in-a-foothill-red,A,1,False,2nd In A Foothill Red; 2nd In A Foothill Red A; 2nd-in-a-foothill-red; 2nd-in-a-foothill-red-a
2nd-in-b-rose-bowl-red-a,2nd In B Rose Bowl Red A,2nd-in-b-rose-bowl-red,A,1,False,2nd In B Rose Bowl Red; 2nd In B Rose Bowl Red A; 2nd-in-b-rose-bowl-red; 2nd-in-b-rose-bowl-red-a
2nd-in-c-trojan-cardinal-a,2nd In C Trojan Cardinal A,2nd-in-c-trojan-cardinal,A,1,False,2nd In C Trojan Cardinal; 2nd In C Trojan Cardinal A; 2nd-in-c-trojan-cardinal; 2nd-in-c-trojan-cardinal-a
2nd-in-d-route-66-a,2nd In D Route 66 A,2nd-in-d-route-66,A,1,False,2nd In D Route 66; 2nd In D Route 66 A; 2nd-in-d-route-66; 2nd-in-d-route-66-a
2nd-in-e-temple-city-a,2nd In E Temple City A,2nd-in-e-temple-city,A,1,False,2nd In E Temple City; 2nd In E Temple City A; 2nd-in-e-temple-city; 2nd-in-e-temple-city-a
2nd-in-f-shore-red-a,2nd In F Shore Red A,2nd-in-f-shore-red,A,1,False,2nd In F Shore Red; 2nd In F Shore Red A; 2nd-in-f-shore-red; 2nd-in-f-shore-red-a
2nd-in-g-orwp-14u-black-a,2nd In G Orwp 14u Black A,2nd-in-g-orwp-14u-black,A,1,False,2nd In G Orwp 14u Black; 2nd In G Orwp 14u Black A; 2nd-in-g-orwp-14u-black; 2nd-in-g-orwp-14u-black-a
2nd-in-h-pride-black-a,2nd In H Pride Black A,2nd-in-h-pride-black,A,1,False,2nd In H Pride Black; 2nd In H Pride Black A; 2nd-in-h-pride-black; 2nd-in-h-pride-black-a
2nda-orwp-a,2nda Orwp A,2nda-orwp,A,1,False,2nda Orwp A; 2nda-orwp-a
2nda-patriot-a,2nda Patriot A,2nda-patriot,A,1,False,2nda Patriot A; 2nda-patriot-a
2nda-san-diego-dons-14-black-a,2nda San Diego Dons 14 Black A,2nda-san-diego-dons-14-black,A,1,False,2nda San Diego Dons 14 Black; 2nda San Diego Dons 14 Black A; 2nda-san-diego-dons-14-black; 2nda-san-diego-dons-14-black-a
2ndb-newport-beach-a,2ndb Newport Beach A,2ndb-newport-beach,A,1,False,2ndb Newport Beach A; 2ndb-newport-beach-a
2ndb-patriot-red-a,2ndb Patriot Red A,2ndb-patriot-red,A,1,False,2ndb Patriot Red; 2ndb Patriot Red A; 2ndb-patriot-red; 2ndb-patriot-red-a
2ndb-sd-eca-a,2ndb SD Eca A,2ndb-sd-eca,A,1,False,2ndb SD Eca; 2ndb SD Eca A; 2ndb-sd-eca; 2ndb-sd-eca-a
2ndc-hieland-a,2ndc Hieland A,2ndc-hieland,A,1,False,2ndc Hieland; 2ndc Hieland A; 2ndc-hieland; 2ndc-hieland-a
2ndc-san-diego-dons-a,2ndc San Diego Dons A,2ndc-san-diego-dons,A,1,False,2ndc San Diego Dons; 2ndc San Diego Dons A; 2ndc-san-diego-dons; 2ndc-san-diego-dons-a
2ndc-sd-dons-a,2ndc SD Dons A,2ndc-sd-dons,A,1,False,2ndc SD Dons; 2ndc SD Dons A; 2ndc-sd-dons; 2ndc-sd-dons-a
2ndd-la-premier-a,2ndd LA Premier A,2ndd-la-premier,A,1,False,2ndd LA Premier; 2ndd LA Premier A; 2ndd-la-premier; 2ndd-la-premier-a
2ndd-mission-12a-a,2ndd Mission 12a A,2ndd-mission-12a,A,1,False,2ndd Mission 12a; 2ndd Mission 12a A; 2ndd-mission-12a; 2ndd-mission-12a-a
2ndg-pasadena-ac-a,2ndg Pasadena Ac A,2ndg-pasadena-ac,A,1,False,2ndg Pasadena Ac; 2ndg Pasadena Ac A; 2ndg-pasadena-ac; 2ndg-pasadena-ac-a
2ndg-socal-black-a,2ndg SOCAL Black A,2ndg-socal-black,A,1,False,2ndg SOCAL Black; 2ndg SOCAL Black A; 2ndg-socal-black; 2ndg-socal-black-a
2ndg-vanguard-blue-a,2ndg Vanguard Blue A,2ndg-vanguard-blue,A,1,False,2ndg Vanguard Blue; 2ndg Vanguard Blue A; 2ndg-vanguard-blue; 2ndg-vanguard-blue-a
2ndg-vegas-renegades-a,2ndg Vegas Renegades A,2ndg-vegas-renegades,A,1,False,2ndg Vegas Renegades; 2ndg Vegas Renegades A; 2ndg-vegas-renegades; 2ndg-vegas-renegades-a
2ndh-nbwp-blue-a,2ndh Nbwp Blue A,2ndh-nbwp-blue,A,1,False,2ndh Nbwp Blue; 2ndh Nbwp Blue A; 2ndh-nbwp-blue; 2ndh-nbwp-blue-a
2ndh-sand-canyon-a,2ndh Sand Canyon A,2ndh-sand-canyon,A,1,False,2ndh Sand Canyon; 2ndh Sand Canyon A; 2ndh-sand-canyon; 2ndh-sand-canyon-a
2ndh-sj-foundation-a,2ndh SJ Foundation A,2ndh-sj-foundation,A,1,False,2ndh SJ Foundation; 2ndh SJ Foundation A; 2ndh-sj-foundation; 2ndh-sj-foundation-a
2ndj-los-alamitos-blue-a,2ndj Los Alamitos Blue A,2ndj-los-alamitos-blue,A,1,False,2ndj Los Alamitos Blue; 2ndj Los Alamitos Blue A; 2ndj-los-alamitos-blue; 2ndj-los-alamitos-blue-a
2ndj-patriot-navy-a,2ndj Patriot Navy A,2ndj-patriot-navy,A,1,False,2ndj Patriot Navy; 2ndj Patriot Navy A; 2ndj-patriot-navy; 2ndj-patriot-navy-a
2ndj-titans-a,2ndj Titans A,2ndj-titans,A,1,False,2ndj Titans; 2ndj Titans A; 2ndj-titans; 2ndj-titans-a
2ndk-north-irvine-black-a,2ndk North Irvine Black A,2ndk-north-irvine-black,A,1,False,2ndk North Irvine Black; 2ndk North Irvine Black A; 2ndk-north-irvine-black; 2ndk-north-irvine-black-a
2ndk-south-coast-white-a,2ndk South Coast White A,2ndk-south-coast-white,A,1,False,2ndk South Coast White; 2ndk South Coast White A; 2ndk-south-coast-white; 2ndk-south-coast-white-a
2ndl-supreme-a,2ndl Supreme A,2ndl-supreme,A,1,False,2ndl Supreme; 2ndl Supreme A; 2ndl-supreme; 2ndl-supreme-a
2ndm-american-river-b,2ndm American River B,2ndm-american-river,B,1,False,2ndm American River B; 2ndm-american-river-b
2ndm-san-clemente-red-a,2ndm San Clemente Red A,2ndm-san-clemente-red,A,1,False,2ndm San Clemente Red; 2ndm San Clemente Red A; 2ndm-san-clemente-red; 2ndm-san-clemente-red-a
2ndn-socal-gold-a,2ndn SOCAL Gold A,2ndn-socal-gold,A,1,False,2ndn SOCAL Gold; 2ndn SOCAL Gold A; 2ndn-socal-gold; 2ndn-socal-gold-a
2ndp-set-a,2ndp Set A,2ndp-set,A,2,False,2ndp Set; 2ndp Set A; 2ndp-set; 2ndp-set-a
2ndq-san-clemente-black-a,2ndq San Clemente Black A,2ndq-san-clemente-black,A,2,False,2ndq San Clemente Black; 2ndq San Clemente Black A; 2ndq-san-clemente-black; 2ndq-san-clemente-black-a
2ndr-burlingame-a,2ndr Burlingame A,2ndr-burlingame,A,1,False,2ndr Burlingame; 2ndr Burlingame A; 2ndr-burlingame; 2ndr-burlingame-a
2ndr-vanguard-silver-a,2ndr Vanguard Silver A,2ndr-vanguard-silver,A,2,False,2ndr Vanguard Silver; 2ndr Vanguard Silver A; 2ndr-vanguard-silver; 2ndr-vanguard-silver-a
2nds-midpen-a,2nds Midpen A,2nds-midpen,A,1,False,2nds Midpen; 2nds Midpen A; 2nds-midpen; 2nds-midpen-a
3-channel-islands-united-gold-a,3 Channel Islands United Gold A,3-channel-islands-united-gold,A,1,False,3 Channel Islands United Gold; 3 Channel Islands United Gold A; 3-channel-islands-united-gold; 3-channel-islands-united-gold-a
3rd-in-a-pv-blue-a,3rd In A Pv Blue A,3rd-in-a-pv-blue,A,1,False,3rd In A Pv Blue; 3rd In A Pv Blue A; 3rd-in-a-pv-blue; 3rd-in-a-pv-blue-a
3rd-in-b-908-blue-a,3rd In B 908 Blue A,3rd-in-b-908-blue,A,1,False,3rd In B 908 Blue; 3rd In B 908 Blue A; 3rd-in-b-908-blue; 3rd-in-b-908-blue-a
3rd-in-c-titans-gold-a,3rd In C Titans Gold A,3rd-in-c-titans-gold,A,1,False,3rd In C Titans Gold; 3rd In C Titans Gold A; 3rd-in-c-titans-gold; 3rd-in-c-titans-gold-a
3rd-in-d-south-coast-white-a,3rd In D South Coast White A,3rd-in-d-south-coast-white,A,1,False,3rd In D South Coast White; 3rd In D South Coast White A; 3rd-in-d-south-coast-white; 3rd-in-d-south-coast-white-a
3rd-in-e-ciu-coast-a,3rd In E CIU Coast A,3rd-in-e-ciu-coast,A,1,False,3rd In E CIU Coast; 3rd In E CIU Coast A; 3rd-in-e-ciu-coast; 3rd-in-e-ciu-coast-a
3rd-in-f-supreme-a,3rd In F Supreme A,3rd-in-f-supreme,A,1,False,3rd In F Supreme; 3rd In F Supreme A; 3rd-in-f-supreme; 3rd-in-f-supreme-a
3rd-in-g-pac-a,3rd In G Pac A,3rd-in-g-pac,A,1,False,3rd In G Pac; 3rd In G Pac A; 3rd-in-g-pac; 3rd-in-g-pac-a
3rd-in-h-valley-united-a,3rd In H Valley United A,3rd-in-h-valley-united,A,1,False,3rd In H Valley United; 3rd In H Valley United A; 3rd-in-h-valley-united; 3rd-in-h-valley-united-a
3rda-route-66-a,3rda Route 66 A,3rda-route-66,A,1,False,3rda Route 66; 3rda Route 66 A; 3rda-route-66; 3rda-route-66-a
3rda-sand-canyon-a,3rda Sand Canyon A,3rda-sand-canyon,A,1,False,3rda Sand Canyon; 3rda Sand Canyon A; 3rda-sand-canyon; 3rda-sand-canyon-a
3rda-trilogy-black-a,3rda Trilogy Black A,3rda-trilogy-black,A,1,False,3rda Trilogy Black; 3rda Trilogy Black A; 3rda-trilogy-black; 3rda-trilogy-black-a
3rda-vanguard-a,3rda Vanguard A,3rda-vanguard,A,1,False,3rda Vanguard A; 3rda-vanguard-a
3rdb-lamorinda-a,3rdb Lamorinda A,3rdb-lamorinda,A,1,False,3rdb Lamorinda; 3rdb Lamorinda A; 3rdb-lamorinda; 3rdb-lamorinda-a
3rdb-san-clemente-black-a,3rdb San Clemente Black A,3rdb-san-clemente-black,A,1,False,3rdb San Clemente Black; 3rdb San Clemente Black A; 3rdb-san-clemente-black; 3rdb-san-clemente-black-a
3rdb-trojan-cardinal-a,3rdb Trojan Cardinal A,3rdb-trojan-cardinal,A,1,False,3rdb Trojan Cardinal; 3rdb Trojan Cardinal A; 3rdb-trojan-cardinal; 3rdb-trojan-cardinal-a
3rdc-gold-coast-a,3rdc Gold Coast A,3rdc-gold-coast,A,1,False,3rdc Gold Coast; 3rdc Gold Coast A; 3rdc-gold-coast; 3rdc-gold-coast-a
3rdc-ovac-a,3rdc OVAC A,3rdc-ovac,A,1,False,3rdc OVAC; 3rdc OVAC A; 3rdc-ovac; 3rdc-ovac-a
3rdc-rancho-tsunami-blue-a,3rdc Rancho Tsunami Blue A,3rdc-rancho-tsunami-blue,A,1,False,3rdc Rancho Tsunami Blue; 3rdc Rancho Tsunami Blue A; 3rdc-rancho-tsunami-blue; 3rdc-rancho-tsunami-blue-a
3rdd-pride-red-a,3rdd Pride Red A,3rdd-pride-red,A,1,False,3rdd Pride Red; 3rdd Pride Red A; 3rdd-pride-red; 3rdd-pride-red-a
3rdd-san-diego-shores-a,3rdd San Diego Shores A,3rdd-san-diego-shores,A,1,False,3rdd San Diego Shores; 3rdd San Diego Shores A; 3rdd-san-diego-shores; 3rdd-san-diego-shores-a
3rdd-titans-a,3rdd Titans A,3rdd-titans,A,1,False,3rdd Titans; 3rdd Titans A; 3rdd-titans; 3rdd-titans-a
3rdg-alameda-a,3rdg Alameda A,3rdg-alameda,A,1,False,3rdg Alameda; 3rdg Alameda A; 3rdg-alameda; 3rdg-alameda-a
3rdg-ocwpc-blue-a,3rdg OCWPC Blue A,3rdg-ocwpc-blue,A,1,False,3rdg OCWPC Blue; 3rdg OCWPC Blue A; 3rdg-ocwpc-blue; 3rdg-ocwpc-blue-a
3rdg-palos-verdes-a,3rdg Palos Verdes A,3rdg-palos-verdes,A,1,False,3rdg Palos Verdes A; 3rdg-palos-verdes-a
3rdh-lamorinda-b,3rdh Lamorinda B,3rdh-lamorinda,B,1,False,3rdh Lamorinda B; 3rdh-lamorinda-b
3rdh-vanguard-blue-a,3rdh Vanguard Blue A,3rdh-vanguard-blue,A,1,False,3rdh Vanguard Blue; 3rdh Vanguard Blue A; 3rdh-vanguard-blue; 3rdh-vanguard-blue-a
3rdj-channel-islands-united-gold-a,3rdj Channel Islands United Gold A,3rdj-channel-islands-united-gold,A,1,False,3rdj Channel Islands United Gold; 3rdj Channel Islands United Gold A; 3rdj-channel-islands-united-gold; 3rdj-channel-islands-united-gold-a
3rdj-cvu-a,3rdj Cvu A,3rdj-cvu,A,1,False,3rdj CVU; 3rdj CVU A; 3rdj-cvu; 3rdj-cvu-a
3rdj-nbwp-white-a,3rdj Nbwp White A,3rdj-nbwp-white,A,1,False,3rdj Nbwp White; 3rdj Nbwp White A; 3rdj-nbwp-white; 3rdj-nbwp-white-a
3rdk-hieland-a,3rdk Hieland A,3rdk-hieland,A,1,False,3rdk Hieland; 3rdk Hieland A; 3rdk-hieland; 3rdk-hieland-a
3rdk-vanguard-b,3rdk Vanguard B,3rdk-vanguard,B,1,False,3rdk Vanguard B; 3rdk-vanguard-b
3rdl-680-c,3rdl 680 C,3rdl-680,C,1,False,3rdl 680 C; 3rdl-680-c
3rdm-cmac-a,3rdm Cmac A,3rdm-cmac,A,1,False,3rdm Cmac; 3rdm Cmac A; 3rdm-cmac; 3rdm-cmac-a
3rdm-north-irvine-b,3rdm North Irvine B,3rdm-north-irvine,B,1,False,3rdm North Irvine B; 3rdm-north-irvine-b
3rdn-renegades-a,3rdn Renegades A,3rdn-renegades,A,1,False,3rdn Renegades; 3rdn Renegades A; 3rdn-renegades; 3rdn-renegades-a
3rdp-north-irvine-red-a,3rdp North Irvine Red A,3rdp-north-irvine-red,A,2,False,3rdp North Irvine Red; 3rdp North Irvine Red A; 3rdp-north-irvine-red; 3rdp-north-irvine-red-a
3rdq-tmec-wp-a,3rdq Tmec Wp A,3rdq-tmec-wp,A,2,False,3rdq Tmec Wp; 3rdq Tmec Wp A; 3rdq-tmec-wp; 3rdq-tmec-wp-a
3rdr-lamorinda-c,3rdr Lamorinda C,3rdr-lamorinda,C,1,False,3rdr Lamorinda C; 3rdr-lamorinda-c
3rdr-san-clemente-white-a,3rdr San Clemente White A,3rdr-san-clemente-white,A,2,False,3rdr San Clemente White; 3rdr San Clemente White A; 3rdr-san-clemente-white; 3rdr-san-clemente-white-a
3rds-tri-valley-tritons-a,3rds Tri Valley Tritons A,3rds-tri-valley-tritons,A,1,False,3rds Tri Valley Tritons; 3rds Tri Valley Tritons A; 3rds-tri-valley-tritons; 3rds-tri-valley-tritons-a
4th-in-a-rose-bowl-black-a,4th In A Rose Bowl Black A,4th-in-a-rose-bowl-black,A,1,False,4th In A Rose Bowl Black; 4th In A Rose Bowl Black A; 4th-in-a-rose-bowl-black; 4th-in-a-rose-bowl-black-a
4th-in-b-trojan-gold-a,4th In B Trojan Gold A,4th-in-b-trojan-gold,A,1,False,4th In B Trojan Gold; 4th In B Trojan Gold A; 4th-in-b-trojan-gold; 4th-in-b-trojan-gold-a
4th-in-c-foothill-black-a,4th In C Foothill Black A,4th-in-c-foothill-black,A,1,False,4th In C Foothill Black; 4th In C Foothill Black A; 4th-in-c-foothill-black; 4th-in-c-foothill-black-a
4th-in-d-orwp-red-a,4th In D Orwp Red A,4th-in-d-orwp-red,A,1,False,4th In D Orwp Red; 4th In D Orwp Red A; 4th-in-d-orwp-red; 4th-in-d-orwp-red-a
4th-in-e-loyola-a,4th In E Loyola A,4th-in-e-loyola,A,1,False,4th In E Loyola; 4th In E Loyola A; 4th-in-e-loyola; 4th-in-e-loyola-a
4th-in-f-ngen-a,4th In F Ngen A,4th-in-f-ngen,A,1,False,4th In F Ngen; 4th In F Ngen A; 4th-in-f-ngen; 4th-in-f-ngen-a
4th-in-g-la-city-united-a,4th In G LA City United A,4th-in-g-la-city-united,A,1,False,4th In G LA City United; 4th In G LA City United A; 4th-in-g-la-city-united; 4th-in-g-la-city-united-a
4th-in-h-tsm-a,4th In H Tsm A,4th-in-h-tsm,A,1,False,4th In H Tsm; 4th In H Tsm A; 4th-in-h-tsm; 4th-in-h-tsm-a
4tha-lawpc-a,4tha LAWPC A,4tha-lawpc,A,1,False,4tha LAWPC; 4tha LAWPC A; 4tha-lawpc; 4tha-lawpc-a
4tha-trojan-gold-a,4tha Trojan Gold A,4tha-trojan-gold,A,1,False,4tha Trojan Gold; 4tha Trojan Gold A; 4tha-trojan-gold; 4tha-trojan-gold-a
4thb-riverside-a,4thb Riverside A,4thb-riverside,A,1,False,4thb Riverside; 4thb Riverside A; 4thb-riverside; 4thb-riverside-a
4thc-devils-gate-a,4thc Devils Gate A,4thc-devils-gate,A,1,False,4thc Devils Gate; 4thc Devils Gate A; 4thc-devils-gate; 4thc-devils-gate-a
4thc-tsm-a,4thc Tsm A,4thc-tsm,A,1,False,4thc Tsm; 4thc Tsm A; 4thc-tsm; 4thc-tsm-a
4thd-cdm-b,4thd CDM B,4thd-cdm,B,1,False,4thd CDM B; 4thd-cdm-b
4thd-set-a,4thd Set A,4thd-set,A,1,False,4thd Set; 4thd Set A; 4thd-set; 4thd-set-a
6-a,6 A,6,A,1,False,6; 6 A; 6-a
6-patriot-navy-a,6 Patriot Navy A,6-patriot-navy,A,1,False,6 Patriot Navy; 6 Patriot Navy A; 6-patriot-navy; 6-patriot-navy-a
680-a,680 A,680,A,15,True,680; 680 A; 680 Blue; 680-a
680-b,680 B,680,B,13,True,680 B; 680 Red; 680-b
680-c,680 C,680,C,15,True,680 C; 680 White; 680-c
7-hieland-a,7 Hieland A,7-hieland,A,1,False,7 Hieland; 7 Hieland A; 7-hieland; 7-hieland-a
8-san-clemente-red-a,8 San Clemente Red A,8-san-clemente-red,A,1,False,8 San Clemente Red; 8 San Clemente Red A; 8-san-clemente-red; 8-san-clemente-red-a
9-stanford-black-a,9 Stanford Black A,9-stanford-black,A,1,False,9 Stanford Black; 9 Stanford Black A; 9-stanford-black; 9-stanford-black-a
908-a,908 A,908,A,10,True,908; 908 A; 908-a
908-blue-a,908 Blue A,908-blue,A,8,True,908 Blue; 908 Blue A; 908-blue; 908-blue-a
908-green-a,908 Green A,908-green,A,4,False,908 Green; 908 Green A; 908-green; 908-green-a
908-yellow-a,908 Yellow A,908-yellow,A,5,True,908 Yellow; 908 Yellow A; 908-yellow; 908-yellow-a
alameda-a,Alameda A,alameda,A,15,True,Alameda; Alameda A; Alameda Neptunes; alameda; alameda-a
american-river-a,American River A,american-river,A,8,True,American River; American River A; American River Blue; american-river-a
american-river-b,American River B,american-river,B,8,True,American River B; American River Gold; american-river-b
back-bay-a,Back Bay A,back-bay,A,19,True,Back Bay; Back Bay A; back-bay-a
big-valley-a,Big Valley A,big-valley,A,3,False,Big Valley; Big Valley A; big-valley; big-valley-a
boa-a,Boa A,boa,A,4,False,Boa; Boa A; boa; boa-a
brea-olinda-gold-a,Brea Olinda Gold A,brea-olinda-gold,A,2,False,Brea Olinda Gold; Brea Olinda Gold A; brea-olinda-gold; brea-olinda-gold-a
burlingame-a,Burlingame A,burlingame,A,6,True,Burlingame; Burlingame A; burlingame; burlingame-a
cc-united-a,CC United A,cc-united,A,13,True,CC United A; CC United Black; CCU A; cc-united-a
cc-united-b,CC United B,cc-united,B,15,True,CC United B; CC United Blue; CCU B; cc-united-b
cc-united-c,CC United C,cc-united,C,10,True,CC United C; CC United White; CCU C; cc-united-c
ccwp-a,Ccwp A,ccwp,A,1,False,Ccwp; Ccwp A; ccwp; ccwp-a
cdm-a,CDM A,cdm,A,10,True,CDM; CDM A; cdm-a
cdm-b,CDM B,cdm,B,2,False,CDM B; cdm-b
cdm-white-a,CDM White A,cdm-white,A,3,False,CDM White; CDM White A; cdm-white; cdm-white-a
channel-islands-united-a,Channel Islands United A,channel-islands-united,A,4,False,Channel Islands United A; channel-islands-united-a
channel-islands-united-gold-a,Channel Islands United Gold A,channel-islands-united-gold,A,3,False,Channel Islands United Gold; Channel Islands United Gold A; channel-islands-united-gold; channel-islands-united-gold-a
chawp-a,Chawp A,chawp,A,4,False,Chawp; Chawp A; chawp; chawp-a
ciu-a,CIU A,ciu,A,0,False,CIU; CIU A; Channel Islands United; Channel Islands United A; ciu-a
ciu-coast-a,CIU Coast A,ciu-coast,A,5,True,CIU Coast; CIU Coast A; ciu-coast; ciu-coast-a
ciu-gold-a,CIU Gold A,ciu-gold,A,5,True,CIU Gold; CIU Gold A; ciu-gold; ciu-gold-a
clovis-red,Clovis Red,clovis-red,A,5,True,Clovis; Clovis Red; clovis-red
cmac-a,Cmac A,cmac,A,5,True,Cmac; Cmac A; cmac; cmac-a
commerce-a,Commerce A,commerce,A,13,True,Commerce; Commerce A; Commerce Boys; commerce-a
crown-city-a,Crown City A,crown-city,A,5,True,Crown City; Crown City A; crown-city; crown-city-a
ct-premier-a,Ct Premier A,ct-premier,A,4,False,Ct Premier; Ct Premier A; ct-premier; ct-premier-a
cvu-a,Cvu A,cvu,A,4,False,CVU; CVU A; cvu; cvu-a
davis-a,Davis A,davis,A,9,True,Davis; Davis A; davis-a
devil-s-gate-a,Devil S Gate A,devil-s-gate,A,3,False,Devil S Gate; Devil S Gate A; devil-s-gate; devil-s-gate-a
devils-gate-a,Devils Gate A,devils-gate,A,8,True,Devil's Gate A; Devils Gate; Devils Gate A; Devil’s Gate A; devils-gate-a
diablo-alliance-a,Diablo Alliance A,diablo-alliance,A,10,True,Diablo Alliance; Diablo Alliance A; diablo-alliance-a
diablo-alliance-b,Diablo Alliance B,diablo-alliance,B,10,True,Diablo Alliance B; diablo-alliance-b
eca-a,Eca A,eca,A,1,False,Eca A; eca-a
eca-b,Eca B,eca,B,5,True,Eca B; eca-b
foothill-a,Foothill A,foothill,A,12,True,Foothill; Foothill A; Foothill Black; Foothill Club; Foothill Club A; foothill; foothill-a; foothill-club
foothill-b,Foothill B,foothill,B,9,True,Foothill B; Foothill Red; foothill-b
gate-14u-a,Gate 14u A,gate-14u,A,5,True,Gate 14u; Gate 14u A; gate-14u; gate-14u-a
gold-coast-a,Gold Coast A,gold-coast,A,7,True,Gold Coast; Gold Coast A; gold-coast; gold-coast-a
greenwich-a,Greenwich A,greenwich,A,11,True,Greenwich; Greenwich A; greenwich; greenwich-a
hieland-a,Hieland A,hieland,A,13,True,Hieland; Hieland A; hieland; hieland-a
honolulu-blue-a,Honolulu Blue A,honolulu-blue,A,4,False,Honolulu Blue; Honolulu Blue A; honolulu-blue; honolulu-blue-a
honolulu-green-a,Honolulu Green A,honolulu-green,A,4,False,Honolulu Green; Honolulu Green A; honolulu-green; honolulu-green-a
kingsburg-a,Kingsburg A,kingsburg,A,5,True,Kingsburg; Kingsburg A; kingsburg; kingsburg-a
la-city-united-a,LA City United A,la-city-united,A,5,True,LA City United; LA City United A; la-city-united; la-city-united-a
la-jolla-united-a,LA Jolla United A,la-jolla-united,A,13,True,LA Jolla United A; La Jolla A; La Jolla Navy; La Jolla United; La Jolla United A; La Jolla United Navy; la-jolla-united-a
la-jolla-united-b,LA Jolla United B,la-jolla-united,B,5,True,LA Jolla United B; La Jolla Gold; La Jolla United B; la-jolla-united-b
la-jolla-united-gold-a,LA Jolla United Gold A,la-jolla-united-gold,A,4,False,LA Jolla United Gold; LA Jolla United Gold A; la-jolla-united-gold; la-jolla-united-gold-a
la-premier-a,LA Premier A,la-premier,A,16,True,LA Premier; LA Premier A; Premier; la-premier-a
lacuwp-a,Lacuwp A,lacuwp,A,3,False,Lacuwp; Lacuwp A; lacuwp; lacuwp-a
lamorinda-a,Lamorinda A,lamorinda,A,16,True,Lamorinda; Lamorinda A; lamorinda; lamorinda-a
lamorinda-b,Lamorinda B,lamorinda,B,14,True,Lamorinda B; lamorinda-b
lamorinda-c,Lamorinda C,lamorinda,C,6,True,Lamorinda C; lamorinda-c
lawpc-a,LAWPC A,lawpc,A,11,True,LAWPC; LAWPC A; Los Angeles WPC; lawpc-a
los-alamitos-a,Los Alamitos A,los-alamitos,A,5,True,Los Alamitos; Los Alamitos A; los-alamitos-a
lowpo-a,Lowpo A,lowpo,A,2,False,Lowpo; Lowpo A; lowpo; lowpo-a
loyola-a,Loyola A,loyola,A,7,True,Loyola; Loyola A; loyola; loyola-a
loyola-wpc-a,Loyola Wpc A,loyola-wpc,A,4,False,Loyola Wpc; Loyola Wpc A; loyola-wpc; loyola-wpc-a
midpen-a,Midpen A,midpen,A,6,True,Midpen; Midpen A; midpen; midpen-a
mission-wpc-a,Mission Wpc A,mission-wpc,A,24,True,Mission; Mission A; Mission WPC; Mission WPC A; Mission Wpc A; mission-wpc-a
mission-wpc-b,Mission Wpc B,mission-wpc,B,14,True,Mission 14B; Mission B; Mission WPC B; Mission Wpc B; mission-wpc-b
nado-a,Nado A,nado,A,4,False,Nado; Nado A; nado; nado-a
nbwp-blue-a,Nbwp Blue A,nbwp-blue,A,5,True,Nbwp Blue; Nbwp Blue A; nbwp-blue; nbwp-blue-a
nbwp-white-a,Nbwp White A,nbwp-white,A,4,False,Nbwp White; Nbwp White A; nbwp-white; nbwp-white-a
newport-beach-a,Newport Beach A,newport-beach,A,14,True,Newport; Newport A; Newport Beach A; Newport Beach Blue; Newport Blue; newport-beach-a
newport-beach-b,Newport Beach B,newport-beach,B,5,True,Newport Beach B; Newport Beach Silver; Newport Silver; newport-beach-b
newport-beach-c,Newport Beach C,newport-beach,C,3,False,Newport Beach C; Newport Beach White; Newport White; newport-beach-c
newport-beach-silver-a,Newport Beach Silver A,newport-beach-silver,A,2,False,Newport Beach Silver; Newport Beach Silver A; newport-beach-silver; newport-beach-silver-a
newport-beach-white-a,Newport Beach White A,newport-beach-white,A,2,False,Newport Beach White; Newport Beach White A; newport-beach-white; newport-beach-white-a
ngen-a,Ngen A,ngen,A,9,True,Ngen; Ngen A; ngen; ngen-a
norcal-a,Norcal A,norcal,A,18,True,NorCal; NorCal A; NorCal Aquatics; NorCal Teal; Norcal A; norcal-a
norcal-b,Norcal B,norcal,B,11,True,NorCal Aquatics B; NorCal B; NorCal Black; Norcal B; norcal-b
norcal-c,Norcal C,norcal,C,0,False,NorCal C; Norcal C; norcal-c
north-irvine-a,North Irvine A,north-irvine,A,20,True,North Irvine; North Irvine A; North Irvine Red; north-irvine; north-irvine-a; north-irvine-red
north-irvine-b,North Irvine B,north-irvine,B,17,True,North Irvine B; North Irvine Black; north-irvine-b; north-irvine-black
northwest-a,Northwest A,northwest,A,11,True,Northwest; Northwest A; northwest-a
nsd-stars-a,Nsd Stars A,nsd-stars,A,3,False,Nsd Stars; Nsd Stars A; nsd-stars; nsd-stars-a
ocwpc-c,OCWPC C,ocwpc,C,7,True,OCWPC C; OCWPC Red; Orange County WPC C; Orange County WPC Red; ocwpc-c
ocwpc-blue-a,OCWPC Blue A,ocwpc-blue,A,4,False,OCWPC Blue; OCWPC Blue A; ocwpc-blue; ocwpc-blue-a
ohana-a,Ohana A,ohana,A,4,False,Ohana; Ohana A; ohana; ohana-a
orange-county-wpc-b,Orange County Wpc B,orange-county-wpc,B,3,False,Orange County Wpc B; orange-county-wpc-b
orange-county-wpc-blue-a,Orange County Wpc Blue A,orange-county-wpc-blue,A,3,False,Orange County Wpc Blue; Orange County Wpc Blue A; orange-county-wpc-blue; orange-county-wpc-blue-a
orwp-a,Orwp A,orwp,A,4,False,Orwp; Orwp A; orwp; orwp-a
orwp-b,Orwp B,orwp,B,3,False,Orwp B; orwp-b
orwp-14u-black-a,Orwp 14u Black A,orwp-14u-black,A,5,True,Orwp 14u Black; Orwp 14u Black A; orwp-14u-black; orwp-14u-black-a
orwp-red-a,Orwp Red A,orwp-red,A,5,True,Orwp Red; Orwp Red A; orwp-red; orwp-red-a
ovac-a,OVAC A,ovac,A,5,True,OVAC; OVAC A; ovac-a
pac-a,Pac A,pac,A,5,True,Pac; Pac A; pac; pac-a
palos-verdes-a,Palos Verdes A,palos-verdes,A,4,False,Palos Verdes A; palos-verdes-a
palos-verdes-b,Palos Verdes B,palos-verdes,B,6,True,Palos Verdes B; palos-verdes-b
pasadena-ac-a,Pasadena Ac A,pasadena-ac,A,4,False,Pasadena Ac; Pasadena Ac A; pasadena-ac; pasadena-ac-a
pasadena-ac-orange-a,Pasadena Ac Orange A,pasadena-ac-orange,A,6,True,Pasadena Ac Orange; Pasadena Ac Orange A; pasadena-ac-orange; pasadena-ac-orange-a
patriot-a,Patriot A,patriot,A,17,True,Patriot; Patriot A; Patriot Aquatics; Patriot Navy; patriot-a
patriot-b,Patriot B,patriot,B,17,True,Patriot B; Patriot Red; Patriots Red; patriot-b
peak-polo-boltz-pt-a,Peak Polo Boltz Pt A,peak-polo-boltz-pt,A,3,False,Peak Polo Boltz Pt; Peak Polo Boltz Pt A; peak-polo-boltz-pt; peak-polo-boltz-pt-a
peak-polo-lightning-pt-a,Peak Polo Lightning Pt A,peak-polo-lightning-pt,A,4,False,Peak Polo Lightning Pt; Peak Polo Lightning Pt A; peak-polo-lightning-pt; peak-polo-lightning-pt-a
pegasus-a,Pegasus A,pegasus,A,5,True,Pegasus; Pegasus A; pegasus-a
poway-valley-black-a,Poway Valley Black A,poway-valley-black,A,4,False,Poway Valley Black; Poway Valley Black A; poway-valley-black; poway-valley-black-a
pride-a,Pride A,pride,A,5,True,Pride; Pride A; pride-a
pride-black-a,Pride Black A,pride-black,A,9,True,Pride Black; Pride Black A; pride-black; pride-black-a
pride-red-a,Pride Red A,pride-red,A,5,True,Pride Red; Pride Red A; pride-red; pride-red-a
pv-black-a,Pv Black A,pv-black,A,5,True,Pv Black; Pv Black A; pv-black; pv-black-a
pv-blue-a,Pv Blue A,pv-blue,A,5,True,Pv Blue; Pv Blue A; pv-blue; pv-blue-a
rain-city-a,Rain City A,rain-city,A,5,True,Rain City; Rain City A; rain-city; rain-city-a
rancho-tsunami-a,Rancho Tsunami A,rancho-tsunami,A,5,True,Rancho Tsunami; Rancho Tsunami A; rancho-tsunami-a
rancho-tsunami-blue-a,Rancho Tsunami Blue A,rancho-tsunami-blue,A,3,False,Rancho Tsunami Blue; Rancho Tsunami Blue A; rancho-tsunami-blue; rancho-tsunami-blue-a
renegades-a,Renegades A,renegades,A,9,True,Renegades; Renegades A; Vegas Renegades; Vegas Renegades A; renegades-a
riverside-a,Riverside A,riverside,A,2,False,Riverside; Riverside A; riverside; riverside-a
rose-bowl-a,Rose Bowl A,rose-bowl,A,5,True,Rose Bowl; Rose Bowl A; rose-bowl-a
rose-bowl-black-a,Rose Bowl Black A,rose-bowl-black,A,10,True,Rose Bowl Black; Rose Bowl Black A; rose-bowl-black; rose-bowl-black-a
rose-bowl-red-a,Rose Bowl Red A,rose-bowl-red,A,7,True,Rose Bowl Red; Rose Bowl Red A; rose-bowl-red; rose-bowl-red-a
route-66-a,Route 66 A,route-66,A,11,True,Route 66; Route 66 14U Boys A; Route 66 A; route-66; route-66-a
route-66-aquatics-a,Route 66 Aquatics A,route-66-aquatics,A,3,False,Route 66 Aquatics; Route 66 Aquatics A; route-66-aquatics; route-66-aquatics-a
san-clem-red-a,San Clem Red A,san-clem-red,A,6,True,San Clem Red; San Clem Red A; san-clem-red; san-clem-red-a
san-clemente-a,San Clemente A,san-clemente,A,5,True,San Clemente; San Clemente A; san-clemente; san-clemente-a
san-clemente-black-a,San Clemente Black A,san-clemente-black,A,13,True,San Clemente Black; San Clemente Black A; san-clemente-black; san-clemente-black-a
san-clemente-red-a,San Clemente Red A,san-clemente-red,A,8,True,San Clemente Red; San Clemente Red A; san-clemente-red; san-clemente-red-a
san-clemente-white-a,San Clemente White A,san-clemente-white,A,3,False,San Clemente White; San Clemente White A; san-clemente-white; san-clemente-white-a
san-diego-dons-14-black-a,San Diego Dons 14 Black A,san-diego-dons-14-black,A,3,False,San Diego Dons 14 Black; San Diego Dons 14 Black A; san-diego-dons-14-black; san-diego-dons-14-black-a
san-diego-shores-a,San Diego Shores A,san-diego-shores,A,4,False,San Diego Shores; San Diego Shores A; san-diego-shores; san-diego-shores-a
san-francisco-a,San Francisco A,san-francisco,A,9,True,San Francisco; San Francisco A; san-francisco-a
san-jose-express-blue-a,San Jose Express Blue A,san-jose-express-blue,A,6,True,San Jose Express Blue; San Jose Express Blue A; san-jose-express-blue; san-jose-express-blue-a
san-jose-foundation-black-a,San Jose Foundation Black A,san-jose-foundation-black,A,6,True,San Jose Foundation Black; San Jose Foundation Black A; san-jose-foundation-black; san-jose-foundation-black-a
san-jose-foundation-blue-a,San Jose Foundation Blue A,san-jose-foundation-blue,A,7,True,San Jose Foundation Blue; San Jose Foundation Blue A; san-jose-foundation-blue; san-jose-foundation-blue-a
sand-canyon-a,Sand Canyon A,sand-canyon,A,6,True,Sand Canyon; Sand Canyon A; sand-canyon; sand-canyon-a
sand-canyon-black-pt-a,Sand Canyon Black Pt A,sand-canyon-black-pt,A,4,False,Sand Canyon Black Pt; Sand Canyon Black Pt A; sand-canyon-black-pt; sand-canyon-black-pt-a
sand-canyon-red-a,Sand Canyon Red A,sand-canyon-red,A,4,False,Sand Canyon Red; Sand Canyon Red A; sand-canyon-red; sand-canyon-red-a
santa-barbara-a,Santa Barbara A,santa-barbara,A,12,True,Polo 805; Santa Barbara; Santa Barbara A; santa-barbara-a
santa-cruz-a,Santa Cruz A,santa-cruz,A,8,True,Santa Cruz; Santa Cruz A; santa-cruz; santa-cruz-a
sbwpc-a,Sbwpc A,sbwpc,A,5,True,Sbwpc A; sbwpc-a
sd-dons-a,SD Dons A,sd-dons,A,13,True,SD Dons; SD Dons A; SD Dons Black; San Diego Dons; San Diego Dons Black; sd-dons-a
sd-dons-b,SD Dons B,sd-dons,B,2,False,SD Dons B; SD Dons Red; San Diego Dons Red; sd-dons-b
sd-dons-c,SD Dons C,sd-dons,C,3,False,SD Dons C; SD Dons Gold; San Diego Dons Gold; sd-dons-c
sd-dons-d,SD Dons D,sd-dons,D,1,False,SD Dons D; sd-dons-d
sd-eca-a,SD Eca A,sd-eca,A,6,True,SD Eca; SD Eca A; sd-eca; sd-eca-a
sd-shores-black-a,SD Shores Black A,sd-shores-black,A,4,False,SD Shores Black; SD Shores Black A; sd-shores-black; sd-shores-black-a
sd-shores-gold-a,SD Shores Gold A,sd-shores-gold,A,2,False,SD Shores Gold; SD Shores Gold A; sd-shores-gold; sd-shores-gold-a
set-a,Set A,set,A,21,True,Set; Set A; set; set-a
sfv-a,Sfv A,sfv,A,4,False,Sfv; Sfv A; sfv; sfv-a
shaq-a,Shaq A,shaq,A,5,True,Shaq; Shaq A; shaq; shaq-a
shaq-blue-a,Shaq Blue A,shaq-blue,A,3,False,Shaq Blue; Shaq Blue A; shaq-blue; shaq-blue-a
shaq-white-a,Shaq White A,shaq-white,A,3,False,Shaq White; Shaq White A; shaq-white; shaq-white-a
sharks-a,Sharks A,sharks,A,10,True,Sharks; Sharks A; sharks; sharks-a
shore-aquatics-a,Shore Aquatics A,shore-aquatics,A,13,True,Shore Aquatics; Shore Aquatics A; shore-aquatics-a
shore-red-a,Shore Red A,shore-red,A,5,True,Shore Red; Shore Red A; shore-red; shore-red-a
sj-express-a,SJ Express A,sj-express,A,8,True,Express; SJ Express; SJ Express A; San Jose Express; San Jose Express A; San Jose Express Blue; san-jose-express; sj-express; sj-express-a
sj-foundation-a,SJ Foundation A,sj-foundation,A,4,False,SJ Foundation; SJ Foundation A; sj-foundation; sj-foundation-a
sja-a,Sja A,sja,A,1,False,Sja; Sja A; sja; sja-a
skip-a,SKIP A,skip,A,4,False,SKIP; SKIP A; Skip; Skip A; skip-a
socal-a,SOCAL A,socal,A,6,True,SOCAL; SOCAL A; SoCal; socal-a
socal-black-a,SOCAL Black A,socal-black,A,5,True,SOCAL Black; SOCAL Black A; socal-black; socal-black-a
socal-gold-a,SOCAL Gold A,socal-gold,A,5,True,SOCAL Gold; SOCAL Gold A; socal-gold; socal-gold-a
south-coast-a,South Coast A,south-coast,A,15,True,South Coast; South Coast A; South Coast Red; south-coast; south-coast-a; south-coast-red
south-coast-b,South Coast B,south-coast,B,15,True,South Coast B; South Coast White; south-coast-b; south-coast-white
south-coast-blue-a,South Coast Blue A,south-coast-blue,A,4,False,South Coast Blue; South Coast Blue A; south-coast-blue; south-coast-blue-a
south-county-aquatics-a,South County Aquatics A,south-county-aquatics,A,4,False,South County Aquatics; South County Aquatics A; south-county-aquatics; south-county-aquatics-a
south-valley-a,South Valley A,south-valley,A,4,False,South Valley; South Valley A; south-valley; south-valley-a
stanford-a,Stanford A,stanford,A,14,True,Stanford; Stanford A; Stanford Black; stanford-a
stanford-b,Stanford B,stanford,B,21,True,Stanford B; Stanford Red; Stanford White; stanford-b
stanford-c,Stanford C,stanford,C,4,False,Stanford C; stanford-c
stanford-13-a,Stanford 13 A,stanford-13,A,4,False,Stanford 13; Stanford 13 A; stanford-13; stanford-13-a
supreme-a,Supreme A,supreme,A,9,True,Supreme; Supreme A; supreme; supreme-a
temple-city-a,Temple City A,temple-city,A,10,True,Temple City; Temple City A; temple-city-a
titans-a,Titans A,titans,A,9,True,Titans; Titans A; titans; titans-a
titans-gold-a,Titans Gold A,titans-gold,A,5,True,Titans Gold; Titans Gold A; titans-gold; titans-gold-a
tmec-wp-a,Tmec Wp A,tmec-wp,A,4,False,Tmec Wp; Tmec Wp A; tmec-wp; tmec-wp-a
tri-valley-tritons-a,Tri Valley Tritons A,tri-valley-tritons,A,4,False,Tri Valley Tritons; Tri Valley Tritons A; tri-valley-tritons; tri-valley-tritons-a
trilogy-a,Trilogy A,trilogy,A,5,True,Trilogy; Trilogy A; trilogy; trilogy-a
trilogy-black-a,Trilogy Black A,trilogy-black,A,2,False,Trilogy Black; Trilogy Black A; trilogy-black; trilogy-black-a
triton-gold-a,Triton Gold A,triton-gold,A,4,False,Triton Gold; Triton Gold A; triton-gold; triton-gold-a
trojan-a,Trojan A,trojan,A,5,True,Trojan; Trojan A; trojan-a
trojan-cardinal-a,Trojan Cardinal A,trojan-cardinal,A,12,True,Trojan Cardinal; Trojan Cardinal A; trojan-cardinal; trojan-cardinal-a
trojan-gold-a,Trojan Gold A,trojan-gold,A,12,True,Trojan Gold; Trojan Gold A; trojan-gold; trojan-gold-a
tsm-a,Tsm A,tsm,A,7,True,Tsm; Tsm A; tsm; tsm-a
tsm-b,Tsm B,tsm,B,4,False,Tsm B; tsm-b
tsunami-black-a,Tsunami Black A,tsunami-black,A,1,False,Tsunami Black; Tsunami Black A; tsunami-black; tsunami-black-a
tsunami-blue-a,Tsunami Blue A,tsunami-blue,A,6,True,Tsunami Blue; Tsunami Blue A; tsunami-blue; tsunami-blue-a
valley-united-a,Valley United A,valley-united,A,9,True,Valley United; Valley United A; valley-united; valley-united-a
vanguard-a,Vanguard A,vanguard,A,16,True,Vanguard; Vanguard A; Vanguard Blue; vanguard-a
vanguard-b,Vanguard B,vanguard,B,20,True,Vanguard B; Vanguard Silver; vanguard-b
vanguard-c,Vanguard C,vanguard,C,0,False,Vanguard C; vanguard-c
